transition_id,from_row,to_row,to_sequence_index,to_date,to_year,to_time_bin,to_region_inferred,to_trigger,logic_confidence,logic_hit,sc_confidence,sc_hit,got_confidence,got_hit,mot_confidence,mot_hit,tta_confidence,tta_hit
1,1,2,3,2026-02-01,2026,2016-2026,Americas,2026 Zona da Mata Mineira floods,0.0,0,0.0,0,0.0,0,0.0,0,0.0,0
2,2,3,4,2026-01-06,2026,2016-2026,Europe,2026 Albanian floods,0.0,0,0.0,0,0.0,0,0.0,0,0.0,0
3,3,4,6,2025-12-01,2025,2016-2026,Africa,2026 Mozambique floods,0.0,0,0.0,0,0.0,0,0.0,0,0.0,0
4,4,5,7,2025-10-16,2025,2016-2026,Americas,2025 Central Vietnam floods,0.0,0,0.0,0,0.0,0,0.0,0,0.0,0
5,5,6,8,2025-10-01,2025,2016-2026,Americas,October 2025 Mexico floods and landslides,0.0,0,0.0,0,0.0,0,0.0,0,0.0,0
6,6,7,9,2025-10-01,2025,2016-2026,Americas,Q136696155,0.0,0,0.0,0,0.0,0,0.0,0,0.0,0
7,7,8,11,2025-09-23,2025,2016-2026,Americas,September 2025 Kolkata cloudburst,0.0,0,0.0,0,0.0,0,0.0,0,0.0,0
8,8,9,12,2025-09-23,2025,2016-2026,Americas,2025 Hualien Matai'an Creek Barrier Lake disaster events,0.0,0,0.0,0,0.0,0,0.0,0,0.0,0
9,9,10,18,2025-05-20,2025,2016-2026,Americas,2025 New South Wales floods,0.0,0,0.0,0,0.0,0,0.0,0,0.0,0
10,10,11,19,2025-05-18,2025,2016-2026,Americas,2025 Accra floods,0.0,0,0.0,0,0.0,0,0.0,0,0.0,0
11,11,12,20,2025-05-01,2025,2016-2026,Americas,Q135009676,0.0,0,0.0,0,0.0,0,0.0,0,0.0,0
12,12,13,21,2025-03-07,2025,2016-2026,Americas,2025 Bahia Blanca floods,0.0,0,0.0,0,0.0,0,0.0,0,0.0,0
13,13,14,22,2025-03-01,2025,2016-2026,Americas,2025 Bolivia floods,0.0,0,0.0,0,0.0,0,0.0,0,0.0,0
14,14,15,23,2025-02-01,2025,2016-2026,Americas,2025 Botswana floods,0.0,0,0.0,0,0.0,0,0.0,0,0.0,0
15,15,16,24,2025-01-28,2025,2016-2026,Americas,2025 Queensland floods,0.0,0,0.0,0,0.0,0,0.0,0,0.0,0
16,16,17,25,2025-01-20,2025,2016-2026,Americas,2025 Pekalongan flood and landslide,0.0,0,0.0,0,0.0,0,0.0,0,0.0,0
17,17,18,26,2025-01-12,2025,2016-2026,Americas,2025 Vale do Aço floods,0.0,0,0.0,0,0.0,0,0.0,0,0.0,0
18,18,19,27,2025-01-11,2025,2016-2026,Americas,2025 North and Northeast Brazil floods and landslides,0.0,0,0.0,0,0.0,0,0.0,0,0.0,0
19,19,20,28,2025-01-01,2025,2016-2026,Europe,2025 United Kingdom floods,0.0,0,0.0,0,0.0,0,0.0,0,0.0,0
20,20,21,29,2025-01-01,2025,2016-2026,Middle East,2025 Pakistan floods,0.0,0,0.0,0,0.0,0,0.0,0,0.0,0
21,21,22,30,2025-01-01,2025,2016-2026,Americas,Q134893249,0.0,0,0.0,0,0.0,0,0.0,0,0.0,0
22,22,23,31,2024-12-27,2024,2016-2026,Americas,Storm surge in the north coast of Peru on 2024-2025,0.0,0,0.0,0,0.0,0,0.0,0,0.0,0
23,23,24,32,2024-10-29,2024,2016-2026,Europe,2024 Spain floods,0.0,0,0.0,0,0.0,0,0.0,0,0.0,0
24,24,25,33,2024-10-03,2024,2016-2026,Americas,2024 Bosnia and Herzegovina floods,0.0,0,0.0,0,0.0,0,0.0,0,0.0,0
25,25,26,34,2024-10-01,2024,2016-2026,Americas,2024 Otago floods,0.0,0,0.0,0,0.0,0,0.0,0,0.0,0
26,26,27,35,2024-09-13,2024,2016-2026,Americas,2024 Czech Republic floods,0.0,0,0.0,0,0.0,0,0.0,0,0.0,0
27,27,28,36,2024-09-13,2024,2016-2026,Europe,2024 Central European floods,0.0,0,0.0,0,0.0,0,0.0,0,0.0,0
28,28,29,37,2024-09-13,2024,2016-2026,Europe,2024 Poland floods,0.0,0,0.0,0,0.0,0,0.0,0,0.0,0
29,29,30,38,2024-09-13,2024,2016-2026,Europe,September 2024 Austrian floods,0.0,0,0.0,0,0.0,0,0.0,0,0.0,0
30,30,31,39,2024-09-10,2024,2016-2026,Americas,Borno State flooding,0.0,0,0.0,0,0.0,0,0.0,0,0.0,0
31,31,32,40,2024-07-29,2024,2016-2026,Americas,Floods in Guinea July 2024,0.0,0,0.0,0,0.0,0,0.0,0,0.0,0
32,32,33,41,2024-07-24,2024,2016-2026,Africa,2024 Sudan floods,0.0,0,0.0,0,0.0,0,0.0,0,0.0,0
33,33,34,42,2024-07-05,2024,2016-2026,Americas,2024 Dongting Lake dike breach,0.0,0,0.0,0,0.0,0,0.0,0,0.0,0
34,34,35,43,2024-07-04,2024,2016-2026,Americas,2024 Lekki flood,0.0,0,0.0,0,0.0,0,0.0,0,0.0,0
35,35,36,44,2024-06-11,2024,2016-2026,Americas,June 2024 South Florida floods,0.0,0,0.0,0,0.0,0,0.0,0,0.0,0
36,36,37,45,2024-06-01,2024,2016-2026,Europe,June 2024 Germany floods,0.0,0,0.0,0,0.0,0,0.0,0,0.0,0
37,37,38,46,2024-06-01,2024,2016-2026,Europe,2024 Switzerland floods,0.0,0,0.0,0,0.0,0,0.0,0,0.0,0
38,38,39,47,2024-05-26,2024,2016-2026,Americas,Q126112027,0.0,0,0.0,0,0.0,0,0.0,0,0.0,0
39,39,40,48,2024-05-14,2024,2016-2026,Middle East,2024 Mashhad flood,0.0,0,0.0,0,0.0,0,0.0,0,0.0,0
40,40,41,49,2024-05-13,2024,2016-2026,Americas,2024 Puerto Williams floods,0.0,0,0.0,0,0.0,0,0.0,0,0.0,0
41,41,42,51,2024-04-29,2024,2016-2026,Africa,2024 Mai Mahiu flash flood,0.0,0,0.0,0,0.0,0,0.0,0,0.0,0
42,42,43,52,2024-04-28,2024,2016-2026,Americas,2024 Rio Grande do Sul floods,0.0,0,0.0,0,0.0,0,0.0,0,0.0,0
43,43,44,53,2024-04-16,2024,2016-2026,Americas,2024 United Arab Emirates floods,0.0,0,0.0,0,0.0,0,0.0,0,0.0,0
44,44,45,54,2024-04-16,2024,2016-2026,Americas,2024 Guangdong floods,0.0,0,0.0,0,0.0,0,0.0,0,0.0,0
45,45,46,55,2024-04-05,2024,2016-2026,Americas,2024 Orsk Dam collapse,0.0,0,0.0,0,0.0,0,0.0,0,0.0,0
46,46,47,56,2024-04-01,2024,2016-2026,Americas,2024 Persian Gulf floods,0.0,0,0.0,0,0.0,0,0.0,0,0.0,0
47,47,48,57,2024-03-01,2024,2016-2026,Americas,2024 Papua New Guinea floods,0.5,1,0.0,0,0.0,0,0.0,0,0.0,0
48,48,49,58,2024-03-01,2024,2016-2026,Americas,2024 Central Asian floods,0.0,0,0.0,0,0.0,0,0.0,0,0.0,0
49,49,50,59,2024-01-01,2024,2016-2026,Americas,2024 European floods,0.0,0,0.0,0,0.0,0,0.0,0,0.0,0
50,50,51,60,2024-01-01,2024,2016-2026,Africa,2024 South Sudan floods,0.0,0,0.0,0,0.0,0,0.0,0,0.0,0
51,51,52,61,2024-01-01,2024,2016-2026,Americas,2024 Nepal floods,0.0,0,0.0,0,0.0,0,0.0,0,0.0,0
52,52,53,62,2024-01-01,2024,2016-2026,Africa,2024 Kenya floods,0.0,0,0.0,0,0.0,0,0.0,0,0.0,0
53,53,54,63,2024-01-01,2024,2016-2026,Europe,2024 France floods,0.0,0,0.0,0,0.0,0,0.0,0,0.0,0
54,54,55,64,2024-01-01,2024,2016-2026,Americas,Q125769953,0.5,1,0.0,0,0.0,0,0.0,0,0.0,0
55,55,56,65,2024-01-01,2024,2016-2026,Africa,2024 Nigeria flood,0.0,0,0.0,0,0.0,0,0.0,0,0.0,0
56,56,57,66,2024-01-01,2024,2016-2026,Americas,2024 Chad floods,0.0,0,0.0,0,0.0,0,0.0,0,0.0,0
57,57,58,67,2024-01-01,2024,2016-2026,Americas,2024 floods Gadau,0.0,0,0.0,0,0.0,0,0.0,0,0.0,0
58,58,59,68,2023-12-24,2023,2016-2026,Americas,Christmas flood 2023,0.5,1,0.0,0,0.0,0,0.0,0,0.0,0
59,59,60,69,2023-12-01,2023,2016-2026,Americas,Hochwasser in der Region Hannover (2023),0.5,1,0.0,0,0.0,0,0.0,0,0.0,0
60,60,61,70,2023-11-01,2023,2016-2026,Americas,Q123764073,0.5,1,0.0,0,0.0,0,0.0,0,0.0,0
61,61,62,71,2023-10-20,2023,2016-2026,Americas,Storm Babet,0.0,0,0.0,0,0.0,0,0.0,0,0.0,0
62,62,63,72,2023-09-24,2023,2016-2026,Americas,2023 Nagpur flood,0.5,1,0.0,0,0.0,0,0.0,0,0.0,0
63,63,64,73,2023-09-21,2023,2016-2026,Americas,2023 southern New Zealand floods,0.0,0,0.0,0,0.0,0,0.0,0,0.5,1
64,64,65,74,2023-09-07,2023,2016-2026,Americas,2023 Hong Kong rainstorm and flood,0.0,0,0.0,0,0.0,0,0.0,0,0.0,0
65,65,66,75,2023-09-04,2023,2016-2026,Americas,2023 Rio Grande do Sul floods,0.5,1,0.0,0,0.0,0,0.0,0,0.0,0
66,66,67,76,2023-09-04,2023,2016-2026,Americas,Storm Daniel,0.5,1,0.0,0,0.0,0,0.0,0,0.0,0
67,67,68,77,2023-09-01,2023,2016-2026,Americas,Q122460361,0.5,1,0.0,0,0.0,0,0.0,0,0.0,0
68,68,69,78,2023-08-04,2023,2016-2026,Americas,August 2023 floods in Austria,0.5,1,0.0,0,0.0,0,0.0,0,0.5,1
69,69,70,79,2023-08-03,2023,2016-2026,Americas,August 2023 Mid-South U.S. floods,0.5,1,0.0,0,0.0,0,0.0,0,0.5,1
70,70,71,80,2023-08-03,2023,2016-2026,Americas,2023 Carinthia and Slovenia floods,0.5,1,0.0,0,0.0,0,0.0,0,0.0,0
71,71,72,81,2023-08-03,2023,2016-2026,Americas,2023 Slovenia floods,0.0,0,0.0,0,0.0,0,0.0,0,0.5,1
72,72,73,82,2023-07-29,2023,2016-2026,Americas,2023 North China floods,0.5,1,0.0,0,0.0,0,0.0,0,0.5,1
73,73,74,83,2023-07-18,2023,2016-2026,Americas,July 2023 Western Kentucky floods,0.5,1,0.0,0,0.0,0,0.0,0,0.5,1
74,74,75,84,2023-07-09,2023,2016-2026,Americas,July 2023 Northeastern United States floods,0.5,1,0.0,0,0.0,0,0.0,0,0.5,1
75,75,76,85,2023-07-01,2023,2016-2026,Americas,2023 North India floods,0.5,1,0.0,0,0.0,0,0.0,0,0.0,0
76,76,77,86,2023-06-08,2023,2016-2026,Americas,2023 South Korea floods,0.0,0,0.0,0,0.0,0,0.0,0,0.0,0
77,77,78,87,2023-06-06,2023,2016-2026,Europe,destruction of the Kakhovka Dam,0.5,1,0.0,0,0.0,0,0.0,0,0.5,1
78,78,79,88,2023-06-02,2023,2016-2026,Americas,2023 Haiti floods,0.0,0,0.0,0,0.0,0,0.0,0,0.5,1
79,79,80,89,2023-05-02,2023,2016-2026,Americas,2023 Emilia-Romagna floods,0.5,1,0.0,0,0.0,0,0.0,0,0.5,1
80,80,81,90,2023-04-12,2023,2016-2026,Americas,2023 Fort Lauderdale floods,0.0,0,0.0,0,0.0,0,0.0,0,0.5,1
81,81,82,91,2023-03-15,2023,2016-2026,Americas,2023 Turkish floods,0.5,1,0.0,0,0.0,0,0.0,0,0.5,1
82,82,83,92,2023-02-18,2023,2016-2026,Americas,2023 São Paulo floods and landslides,0.0,0,0.0,0,0.0,0,0.0,0,0.5,1
83,83,84,93,2023-02-05,2023,2016-2026,Africa,2023 Africa floods,0.0,0,0.0,0,0.0,0,0.0,0,0.5,1
84,84,85,94,2023-01-27,2023,2016-2026,Americas,2023 Auckland Anniversary Weekend floods,0.0,0,0.0,0,0.0,0,0.0,0,0.0,0
85,85,86,95,2023-01-01,2023,2016-2026,Africa,Floods in Ghana,0.0,0,0.0,0,0.0,0,0.0,0,0.0,0
86,86,87,96,2023-01-01,2023,2016-2026,Americas,2023 floods in Europe,0.0,0,0.0,0,0.0,0,0.0,0,0.0,0
87,87,88,97,2023-01-01,2023,2016-2026,Africa,"2023 floods in Rwanda, Uganda and the Democratic Republic of the Congo",0.0,0,0.0,0,0.0,0,0.0,0,0.5,1
88,88,89,98,2023-01-01,2023,2016-2026,Americas,2023 Nova Scotia floods,0.0,0,0.0,0,0.0,0,0.0,0,0.5,1
89,89,90,99,2023-01-01,2023,2016-2026,Africa,Horn of Africa floods 2023,0.5,1,0.0,0,0.0,0,0.0,0,0.5,1
90,90,91,100,2023-01-01,2023,2016-2026,Americas,2023 Nigeria flood,0.5,1,0.0,0,0.0,0,0.0,0,0.5,1
91,91,92,101,2022-12-13,2022,2016-2026,Americas,December 2022 floods in Portugal,0.0,0,0.0,0,0.0,0,0.0,0,0.5,1
92,92,93,102,2022-10-01,2022,2016-2026,Europe,2022 Greek floods,0.0,0,0.0,0,0.0,0,0.0,0,0.5,1
93,93,94,103,2022-10-01,2022,2016-2026,Americas,October 2022 floods in Wagga Wagga,0.0,0,0.0,0,0.0,0,0.0,0,0.5,1
94,94,95,104,2022-09-16,2022,2016-2026,Americas,2022 Marche flood,0.5,1,0.0,0,0.0,0,0.0,0,0.5,1
95,95,96,105,2022-08-22,2022,2016-2026,Americas,2022 Dallas floods,0.5,1,0.0,0,0.0,0,0.0,0,0.5,1
96,96,97,106,2022-08-08,2022,2016-2026,Americas,2022 Central Korean floods,0.5,1,0.0,0,0.0,0,0.0,0,0.5,1
97,97,98,107,2022-08-01,2022,2016-2026,Americas,August 2022 floods in Wagga Wagga,0.0,0,0.0,0,0.0,0,0.0,0,0.5,1
98,98,99,108,2022-07-24,2022,2016-2026,Americas,July 2022 United States floods,0.0,0,0.0,0,0.0,0,0.0,0,0.5,1
99,99,100,109,2022-07-03,2022,2016-2026,Americas,2022 New South Wales floods,0.5,1,0.0,0,0.0,0,0.0,0,0.5,1
100,100,101,110,2022-07-01,2022,2016-2026,Middle East,2022 floods in Iran,0.5,1,0.0,0,0.0,0,0.0,0,0.5,1
101,101,102,111,2022-07-01,2022,2016-2026,Americas,2022 Gilgit-Baltistan floods,0.0,0,0.0,0,0.0,0,0.0,0,0.5,1
102,102,103,112,2022-06-14,2022,2016-2026,Middle East,2022 Pakistan floods,0.5,1,0.0,0,0.0,0,0.0,0,0.5,1
103,103,104,113,2022-06-07,2022,2016-2026,Americas,2022 Ankara floods,0.5,1,0.0,0,0.0,0,0.0,0,0.5,1
104,104,105,114,2022-06-05,2022,2016-2026,Americas,2022 Accra floods,0.0,0,0.0,0,0.0,0,0.0,0,0.5,1
105,105,106,115,2022-06-01,2022,2016-2026,Americas,Flooding in Yagoua in 2022,0.0,0,0.0,0,0.0,0,0.0,0,0.5,1
106,106,107,116,2022-05-27,2022,2016-2026,Americas,Floods and landslides on the northeast coast of Brazil in 2022,0.0,0,0.0,0,0.0,0,0.0,0,0.5,1
107,107,108,117,2022-05-23,2022,2016-2026,Americas,2022 India–Bangladesh floods,0.0,0,0.0,0,0.0,0,0.0,0,0.5,1
108,108,109,118,2022-04-08,2022,2016-2026,Americas,2022 KwaZulu-Natal floods,0.0,0,0.0,0,0.0,0,0.0,0,0.5,1
109,109,110,119,2022-04-01,2022,2016-2026,Americas,Floods and landslides in Rio de Janeiro state in March–April 2022,0.0,0,0.0,0,0.0,0,0.0,0,0.5,1
110,110,111,120,2022-03-01,2022,2016-2026,Americas,March 2022 Suriname flooding,0.0,0,0.0,0,0.0,0,0.0,0,0.5,1
111,111,112,121,2022-02-26,2022,2016-2026,Americas,destruction of the Kozarovytska Dam,0.0,0,0.0,0,0.0,0,0.0,0,0.5,1
112,112,113,122,2022-02-15,2022,2016-2026,Americas,2022 Petrópolis floods,0.0,0,0.5,1,0.0,0,0.0,0,0.5,1
113,113,114,123,2022-01-31,2022,2016-2026,Americas,2022 Haiti floods,0.0,0,0.0,0,0.0,0,0.0,0,0.5,1
114,114,115,124,2022-01-28,2022,2016-2026,Americas,2022 Brazil floods and landslides,0.0,0,0.0,0,0.5,1,0.5,1,0.5,1
115,115,116,125,2022-01-28,2022,2016-2026,Americas,2021-2022 summer floods in São Paulo,0.5,1,0.0,0,0.5,1,0.5,1,0.5,1
116,116,117,126,2022-01-17,2022,2016-2026,Americas,January 2022 Montevideo Flood,0.5,1,0.0,0,0.5,1,0.5,1,0.5,1
117,117,118,127,2022-01-10,2022,2016-2026,Americas,2022 East London floods,0.0,0,0.0,0,0.5,1,0.5,1,0.5,1
118,118,119,128,2022-01-01,2022,2016-2026,Africa,2022 Sudan floods,0.5,1,0.0,0,0.5,1,0.5,1,0.5,1
119,119,120,129,2022-01-01,2022,2016-2026,Africa,2022 Nigeria floods,0.5,1,0.0,0,0.5,1,0.5,1,0.5,1
120,120,121,130,2022-01-01,2022,2016-2026,Americas,2022 Bayelsa State floods,0.0,0,0.0,0,0.5,1,0.5,1,0.5,1
121,121,122,131,2022-01-01,2022,2016-2026,Americas,Q135008659,0.5,1,0.0,0,0.5,1,0.5,1,0.5,1
122,122,123,132,2021-12-17,2021,2016-2026,Americas,December 2021 Malaysian floods,0.0,0,0.0,0,0.5,1,0.5,1,0.5,1
123,123,124,133,2021-12-07,2021,2016-2026,Americas,Late December 2021 Bahia floods,0.5,1,0.0,0,0.5,1,0.5,1,0.5,1
124,124,125,134,2021-11-12,2021,2016-2026,Americas,November 2021 Pacific Northwest floods,0.5,1,0.0,0,0.5,1,0.5,1,0.5,1
125,125,126,135,2021-09-07,2021,2016-2026,Americas,2021 Tula River floods,0.0,0,0.0,0,0.5,1,0.5,1,0.5,1
126,126,127,136,2021-08-21,2021,2016-2026,Americas,August 2021 Henan Rainstorm,0.5,1,0.0,0,0.5,1,0.5,1,0.5,1
127,127,128,137,2021-08-11,2021,2016-2026,Middle East,2021 Turkish floods,0.5,1,0.0,0,0.5,1,0.5,1,0.5,1
128,128,129,138,2021-08-11,2021,2016-2026,Americas,August 2021 Japan floods,0.5,1,0.0,0,0.5,1,0.5,1,0.5,1
129,129,130,139,2021-08-06,2021,2016-2026,Americas,2021 Taiwan heavy rainfalls,0.5,1,0.0,0,0.5,1,0.5,1,0.5,1
130,130,131,140,2021-07-28,2021,2016-2026,Middle East,2021 Islamabad flooding,0.5,1,0.0,0,0.5,1,0.5,1,0.5,1
131,131,132,141,2021-07-22,2021,2016-2026,Americas,2021 Maharashtra floods,0.0,0,0.0,0,0.5,1,0.5,1,0.5,1
132,132,133,142,2021-07-17,2021,2016-2026,Americas,2021 Henan floods,0.5,1,0.0,0,0.5,1,0.5,1,0.5,1
133,133,134,143,2021-07-14,2021,2016-2026,Europe,Flooding of the Ahr in 2021,0.5,1,0.0,0,0.5,1,0.5,1,0.5,1
134,134,135,144,2021-07-12,2021,2016-2026,Americas,2021 European floods,0.5,1,0.0,0,0.5,1,0.5,1,0.5,1
135,135,136,145,2021-07-01,2021,2016-2026,Americas,Floods in Belgium in 2021,0.5,1,0.0,0,0.5,1,0.5,1,0.5,1
136,136,137,146,2021-06-01,2021,2016-2026,Americas,2021 Melamchi flood,0.5,1,0.0,0,0.5,1,0.5,1,0.5,1
137,137,138,147,2021-05-01,2021,2016-2026,Americas,May 2021 South Central United States flooding,0.5,1,0.0,0,0.5,1,0.5,1,0.5,1
138,138,139,148,2021-03-18,2021,2016-2026,Americas,March 2021 Australian floods,0.5,1,0.0,0,0.5,1,0.5,1,0.5,1
139,139,140,149,2021-03-01,2021,2016-2026,Americas,2021 floods in Indonesia and East Timor,0.5,1,0.0,0,0.5,1,0.5,1,0.5,1
140,140,141,150,2021-02-07,2021,2016-2026,Americas,2021 Uttarakhand glacial outburst flood,0.5,1,0.5,1,0.5,1,0.5,1,0.5,1
141,141,142,151,2021-01-09,2021,2016-2026,Americas,2021 South Kalimantan floods,0.5,1,0.5,1,0.5,1,0.5,1,0.5,1
142,142,143,152,2021-01-01,2021,2016-2026,Americas,2021 German floods,0.5,1,0.0,0,0.5,1,0.5,1,0.5,1
143,143,144,153,2021-01-01,2021,2016-2026,Americas,2021 China floods,0.5,1,0.0,0,0.5,1,0.5,1,0.5,1
144,144,145,154,2021-01-01,2021,2016-2026,Americas,2020–21 Malaysian floods,0.5,1,0.0,0,0.5,1,0.5,1,0.5,1
145,145,146,155,2021-01-01,2021,2016-2026,Americas,Eastern Black Sea floods (2021),0.0,0,0.0,0,0.5,1,0.5,1,0.5,1
146,146,147,156,2020-10-01,2020,2016-2026,Americas,2020 southeastern Mexico floods,0.5,1,0.5,1,0.5,1,0.5,1,0.5,1
147,147,148,157,2020-08-25,2020,2016-2026,Americas,2020 Karachi floods,0.5,1,0.0,0,0.5,1,0.5,1,0.5,1
148,148,149,158,2020-08-17,2020,2016-2026,Americas,2020 Yangtze Flood No.5,0.5,1,0.0,0,0.5,1,0.5,1,0.5,1
149,149,150,159,2020-08-09,2020,2016-2026,Europe,2020 Evia floods,0.5,1,0.0,0,0.5,1,0.5,1,0.5,1
150,150,151,160,2020-07-15,2020,2016-2026,Americas,Q97500602,0.5,1,0.5,1,0.5,1,0.5,1,0.5,1
151,151,152,161,2020-07-03,2020,2016-2026,Americas,2020 Kyushu floods,0.5,1,0.5,1,0.5,1,0.5,1,0.5,1
152,152,153,162,2020-06-01,2020,2016-2026,Americas,2020 Korean floods,0.5,1,0.0,0,0.5,1,0.5,1,0.5,1
153,153,154,163,2020-05-01,2020,2016-2026,Americas,2020 China floods,0.5,1,0.0,0,0.5,1,0.5,1,0.5,1
154,154,155,164,2020-03-01,2020,2016-2026,Americas,2020 East Africa floods,0.5,1,0.5,1,0.5,1,0.5,1,0.5,1
155,155,156,165,2020-02-01,2020,2016-2026,Americas,2020 Pacific Northwest floods,0.5,1,0.5,1,0.5,1,0.5,1,0.5,1
156,156,157,166,2020-01-01,2020,2016-2026,Africa,2020 Sudan floods,0.5,1,0.0,0,0.5,1,0.5,1,0.5,1
157,157,158,167,2020-01-01,2020,2016-2026,Americas,2020 Vietnamese floods,0.5,1,0.5,1,0.5,1,0.5,1,0.5,1
158,158,159,168,2020-01-01,2020,2016-2026,Americas,2020 Jakarta floods,0.5,1,0.5,1,0.5,1,0.5,1,0.5,1
159,159,160,169,2020-01-01,2020,2016-2026,Americas,Flood in Dili,0.5,1,0.0,0,0.5,1,0.5,1,0.5,1
160,160,161,170,2020-01-01,2020,2016-2026,Americas,2020 Yangtze Flood No.1,0.5,1,0.5,1,0.5,1,0.5,1,0.5,1
161,161,162,171,2020-01-01,2020,2016-2026,Americas,2020 Fort Payne flood,0.5,1,0.5,1,0.5,1,0.5,1,0.5,1
162,162,163,172,2020-01-01,2020,2016-2026,Americas,2020 Yangtze Flood No.2,0.5,1,0.5,1,0.5,1,0.5,1,0.5,1
163,163,164,173,2020-01-01,2020,2016-2026,Americas,2020 Yangtze Flood No.3,0.5,1,0.5,1,0.5,1,0.5,1,0.5,1
164,164,165,174,2020-01-01,2020,2016-2026,Americas,2020 Yangtze Flood No.4,0.5,1,0.5,1,0.5,1,0.5,1,0.5,1
165,165,166,175,2020-01-01,2020,2016-2026,Americas,Yangtze River floods in 2020,0.5,1,0.5,1,0.5,1,0.5,1,0.5,1
166,166,167,176,2019-11-07,2019,2016-2026,Americas,2019 England floods,0.5,1,0.5,1,0.5,1,0.5,1,0.5,1
167,167,168,177,2019-10-22,2019,2016-2026,Americas,2019 Francolí flood,0.5,1,0.5,1,0.5,1,0.5,1,0.5,1
168,168,169,178,2019-09-11,2019,2016-2026,Americas,2019 Spanish floods,0.5,1,0.5,1,0.5,1,0.5,1,0.5,1
169,169,170,179,2019-08-01,2019,2016-2026,Americas,2019 Kerala floods,0.5,1,0.0,0,0.5,1,0.5,1,0.5,1
170,170,171,180,2019-08-01,2019,2016-2026,Americas,2019 Karnataka floods,0.5,1,0.5,1,0.5,1,0.5,1,0.5,1
171,171,172,181,2019-08-01,2019,2016-2026,Americas,2019 Indian floods,0.5,1,0.5,1,0.5,1,0.5,1,0.5,1
172,172,173,182,2019-06-25,2019,2016-2026,Europe,Irkutsk Oblast flood (2019),0.5,1,0.5,1,0.5,1,0.5,1,0.5,1
173,173,174,183,2019-06-01,2019,2016-2026,Americas,June 2019 Southern and Southeastern U.S. flooding,0.5,1,0.0,0,0.5,1,0.5,1,0.5,1
174,174,175,184,2019-05-29,2019,2016-2026,Americas,2019 Vietnam floods,0.5,1,0.5,1,0.5,1,0.5,1,0.5,1
175,175,176,185,2019-05-01,2019,2016-2026,Americas,2019 Arkansas River floods,0.5,1,0.5,1,0.5,1,0.5,1,0.5,1
176,176,177,186,2019-05-01,2019,2016-2026,Americas,Q135008588,0.5,1,0.5,1,0.5,1,0.5,1,0.5,1
177,177,178,187,2019-04-18,2019,2016-2026,Americas,2019 Durban Easter floods,0.5,1,0.5,1,0.5,1,0.5,1,0.5,1
178,178,179,188,2019-04-01,2019,2016-2026,Americas,2019 Quebec floods,0.5,1,0.5,1,0.5,1,0.5,1,0.5,1
179,179,180,189,2019-03-16,2019,2016-2026,Americas,2019 Jayapura flood and landslide,0.5,1,0.5,1,0.5,1,0.5,1,0.5,1
180,180,181,190,2019-03-01,2019,2016-2026,Americas,2019 Iran Floods,0.5,1,0.5,1,0.5,1,0.5,1,0.5,1
181,181,182,191,2019-03-01,2019,2016-2026,Middle East,2019 Mazandaran & Golestan flood,0.5,1,0.5,1,0.5,1,0.5,1,0.5,1
182,182,183,192,2019-03-01,2019,2016-2026,Americas,2019 Shiraz flood,0.5,1,0.5,1,0.5,1,0.5,1,0.5,1
183,183,184,193,2019-02-01,2019,2016-2026,Middle East,2019 Pakistan floods and storms,0.5,1,0.5,1,0.5,1,0.5,1,0.5,1
184,184,185,194,2019-01-23,2019,2016-2026,Americas,2019 Townsville flood,0.5,1,0.5,1,0.5,1,0.5,1,0.5,1
185,185,186,195,2019-01-22,2019,2016-2026,Americas,2019 South Sulawesi floods,0.5,1,0.5,1,0.5,1,0.5,1,0.5,1
186,186,187,196,2019-01-01,2019,2016-2026,Americas,2019 Nepal floods,0.5,1,0.5,1,0.5,1,0.5,1,0.5,1
187,187,188,197,2018-12-22,2018,2016-2026,Americas,2018 Northern Province floods,0.5,1,0.5,1,0.5,1,0.5,1,0.5,1
188,188,189,198,2018-10-29,2018,2016-2026,Americas,Sea storm in Liguria on 29-30 October 2018,0.5,1,0.5,1,0.5,1,0.5,1,0.5,1
189,189,190,199,2018-10-26,2018,2016-2026,Americas,Q114905070,0.5,1,0.5,1,0.5,1,0.5,1,0.5,1
190,190,191,200,2018-10-25,2018,2016-2026,Middle East,Q57758371,0.5,1,0.5,1,0.5,1,0.5,1,0.5,1
191,191,192,201,2018-10-19,2018,2016-2026,Americas,2018 Trinidad and Tobago floods,0.5,1,0.5,1,0.5,1,0.5,1,0.5,1
192,192,193,202,2018-10-15,2018,2016-2026,Americas,October 2018 flood in Aude département,0.5,1,0.5,1,0.5,1,0.5,1,0.5,1
193,193,194,203,2018-10-09,2018,2016-2026,Americas,2018 Mallorca floods,0.5,1,0.5,1,0.5,1,0.5,1,0.5,1
194,194,195,204,2018-08-28,2018,2016-2026,Americas,2018 North Korean floods,0.5,1,0.5,1,0.5,1,0.5,1,0.5,1
195,195,196,205,2018-08-19,2018,2016-2026,Americas,2018 Shouguang flood,0.0,0,0.5,1,0.5,1,0.5,1,0.5,1
196,196,197,206,2018-08-01,2018,2016-2026,Americas,2018 Kerala floods,0.5,1,0.5,1,0.5,1,0.5,1,0.5,1
197,197,198,207,2018-08-01,2018,2016-2026,Americas,2018 Venezuela floods,0.5,1,0.5,1,0.5,1,0.5,1,0.5,1
198,198,199,208,2018-08-01,2018,2016-2026,Americas,late August 2018 Taiwan flood,0.5,1,0.5,1,0.5,1,0.5,1,0.5,1
199,199,200,209,2018-06-28,2018,2016-2026,Americas,2018 Japan floods,0.5,1,0.5,1,0.5,1,0.5,1,0.5,1
200,200,201,210,2018-06-23,2018,2016-2026,Americas,2018 Vietnam Floods,0.5,1,0.0,0,0.5,1,0.5,1,0.5,1
201,201,202,211,2018-06-23,2018,2016-2026,Americas,2018 Vietnam floods,0.5,1,0.5,1,0.5,1,0.5,1,0.5,1
202,202,203,212,2018-05-27,2018,2016-2026,Americas,2018 Maryland flood,0.5,1,0.5,1,0.5,1,0.5,1,0.5,1
203,203,204,213,2018-05-19,2018,2016-2026,Americas,2018 Sri Lanka floods,0.5,1,0.5,1,0.5,1,0.5,1,0.5,1
204,204,205,214,2018-04-26,2018,2016-2026,Americas,Tzafit River disaster,0.5,1,0.5,1,0.5,1,0.5,1,0.5,1
205,205,206,215,2018-03-01,2018,2016-2026,Americas,2018 East Africa floods,0.5,1,0.5,1,0.5,1,0.5,1,0.5,1
206,206,207,216,2018-01-27,2018,2016-2026,Americas,2018 Paris flood,0.5,1,0.5,1,0.5,1,0.5,1,0.5,1
207,207,208,217,2018-01-01,2018,2016-2026,Africa,2018 Sudan floods,0.5,1,0.5,1,0.5,1,0.5,1,0.5,1
208,208,209,218,2018-01-01,2018,2016-2026,Americas,2018 Broome flood,0.5,1,0.5,1,0.5,1,0.5,1,0.5,1
209,209,210,219,2018-01-01,2018,2016-2026,Africa,Q57252796,0.5,1,0.5,1,0.5,1,0.5,1,0.5,1
210,210,211,220,2017-11-15,2017,2016-2026,Americas,Medicane Euredike,0.5,1,0.5,1,0.5,1,0.5,1,0.5,1
211,211,212,221,2017-10-29,2017,2016-2026,Americas,Storm Herwart,0.5,1,0.5,1,0.5,1,0.5,1,0.5,1
212,212,213,222,2017-10-08,2017,2016-2026,Americas,Bishan tunnel flooding,0.5,1,0.5,1,0.5,1,0.5,1,0.5,1
213,213,214,223,2017-09-09,2017,2016-2026,Americas,2017 Livorno floods,0.5,1,0.5,1,0.5,1,0.5,1,0.5,1
214,214,215,224,2017-09-01,2017,2016-2026,Americas,2017 Benue State flooding,0.5,1,0.5,1,0.5,1,0.5,1,0.5,1
215,215,216,225,2017-08-14,2017,2016-2026,Americas,Sierra Leone mudslides,0.5,1,0.5,1,0.5,1,0.5,1,0.5,1
216,216,217,226,2017-08-01,2017,2016-2026,Americas,2017 Karachi floods,0.5,1,0.5,1,0.5,1,0.5,1,0.5,1
217,217,218,227,2017-08-01,2017,2016-2026,Americas,Hurricane Harvey floods,0.5,1,0.5,1,0.5,1,0.5,1,0.5,1
218,218,219,228,2017-07-31,2017,2016-2026,Americas,2017 Gujarat flood,0.5,1,0.5,1,0.5,1,0.5,1,0.5,1
219,219,220,229,2017-07-15,2017,2016-2026,Americas,2017 Payson flash floods,0.5,1,0.5,1,0.5,1,0.5,1,0.5,1
220,220,221,230,2017-07-05,2017,2016-2026,Europe,2017 Northern Kyushu Flood,0.5,1,0.5,1,0.5,1,0.5,1,0.5,1
221,221,222,234,2017-04-25,2017,2016-2026,Europe,Pepsi Fruit Juice Flood,0.5,1,0.5,1,0.5,1,0.5,1,0.5,1
222,222,223,238,2016-12-01,2016,2016-2026,Americas,2017 Southern Thailand floods,0.5,1,0.5,1,0.5,1,0.5,1,0.5,1
223,223,224,241,2016-08-06,2016,2016-2026,Americas,2016 Macedonian floods,0.5,1,0.5,1,0.5,1,0.5,1,0.5,1
224,224,225,242,2016-07-25,2016,2016-2026,Africa,2016 South Africa floods,0.5,1,0.5,1,0.5,1,0.5,1,0.5,1
225,225,226,243,2016-06-23,2016,2016-2026,Americas,2016 West Virginia flood,0.5,1,0.5,1,0.5,1,0.5,1,0.5,1
226,226,227,244,2016-06-09,2016,2016-2026,Africa,2016 Accra floods,0.5,1,0.5,1,0.5,1,0.5,1,0.5,1
227,227,228,245,2016-06-05,2016,2016-2026,Americas,2016 United Kingdom floods,0.5,1,0.5,1,0.5,1,0.5,1,0.5,1
228,228,229,248,2016-05-01,2016,2016-2026,Americas,2016 European floods,0.5,1,0.5,1,0.5,1,0.5,1,0.5,1
229,229,230,249,2016-03-10,2016,2016-2026,Americas,2016 São Paulo flood and mudslide,0.5,1,0.5,1,0.5,1,0.5,1,0.5,1
230,230,231,250,2016-02-01,2016,2016-2026,Americas,2016 Malaysian floods,0.5,1,0.5,1,0.5,1,0.5,1,0.5,1
231,231,232,251,2015-11-08,2015,2006-2015,Americas,November 2015 South Indian floods,0.5,1,0.5,1,0.5,1,0.5,1,0.5,1
232,232,233,252,2015-10-15,2015,2006-2015,Americas,Q27961030,0.5,1,0.5,1,0.5,1,0.5,1,0.5,1
233,233,234,253,2015-09-09,2015,2006-2015,Americas,2015 Kanto-Tohoku Flood,0.5,1,0.5,1,0.5,1,0.5,1,0.5,1
234,234,235,254,2015-07-27,2015,2006-2015,Americas,July 2015 Gujarat flood,0.5,1,0.5,1,0.5,1,0.5,1,0.5,1
235,235,236,256,2015-06-27,2015,2006-2015,Americas,2015 Philmont Scout Ranch flash flood,0.5,1,0.5,1,0.5,1,0.5,1,0.5,1
236,236,237,257,2015-06-23,2015,2006-2015,Americas,2015 Gujarat flood,0.5,1,0.5,1,0.5,1,0.5,1,0.5,1
237,237,238,258,2015-06-14,2015,2006-2015,Americas,2015 Tbilisi flood,0.5,1,0.5,1,0.5,1,0.5,1,0.5,1
238,238,239,259,2015-06-01,2015,2006-2015,Americas,2015 Louisiana floods,0.5,1,0.5,1,0.5,1,0.5,1,0.5,1
239,239,240,260,2015-03-24,2015,2006-2015,Americas,2015 northern Chile rainstorms,0.5,1,0.5,1,0.5,1,0.5,1,0.5,1
240,240,241,261,2015-03-04,2015,2006-2015,Africa,2015 Tanzania flood,0.5,1,0.5,1,0.5,1,0.5,1,0.5,1
241,241,242,262,2015-01-17,2015,2006-2015,Americas,2015 East Malaysian floods,0.5,1,0.5,1,0.5,1,0.5,1,0.5,1
242,242,243,263,2015-01-01,2015,2006-2015,Europe,Q20468830,0.5,1,0.5,1,0.5,1,0.5,1,0.5,1
243,243,244,264,2015-01-01,2015,2006-2015,Americas,2015 Kashechewan Flooding,0.5,1,0.5,1,0.5,1,0.5,1,0.5,1
244,244,245,265,2015-01-01,2015,2006-2015,Africa,2015 Southeast Africa floods,0.5,1,0.5,1,0.5,1,0.5,1,0.5,1
245,245,246,266,2015-01-01,2015,2006-2015,Americas,2015 Accra floods,0.5,1,0.5,1,0.5,1,0.5,1,0.5,1
246,246,247,267,2014-11-05,2014,2006-2015,Americas,2014 Cameron Highlands mud floods,0.5,1,0.5,1,0.5,1,0.5,1,0.5,1
247,247,248,268,2014-10-09,2014,2006-2015,Americas,Genoa 2014 flood,0.5,1,0.5,1,0.5,1,0.5,1,0.5,1
248,248,249,269,2014-08-04,2014,2006-2015,Americas,2014 Likely flood,0.5,1,0.5,1,0.5,1,0.5,1,0.5,1
249,249,250,270,2014-07-01,2014,2006-2015,Americas,2014 Assiniboine River flood,0.5,1,0.5,1,0.5,1,0.5,1,0.5,1
250,250,251,271,2014-06-19,2014,2006-2015,Americas,2014 Bulgarian floods,0.5,1,0.5,1,0.5,1,0.5,1,0.5,1
251,251,252,272,2014-05-13,2014,2006-2015,Americas,2014 Southeast Europe floods,0.5,1,0.5,1,0.5,1,0.5,1,0.5,1
252,252,253,273,2014-03-01,2014,2006-2015,Africa,2014 Southern Africa floods,0.5,1,0.5,1,0.5,1,0.5,1,0.5,1
253,253,254,274,2014-01-13,2014,2006-2015,Americas,Early 2014 Sabah floods,0.5,1,0.5,1,0.5,1,0.5,1,0.5,1
254,254,255,275,2014-01-01,2014,2006-2015,Americas,2014 Northern Ontario flood,0.5,1,0.5,1,0.5,1,0.5,1,0.5,1
255,255,256,276,2013-12-04,2013,2006-2015,Americas,Cyclone Xaver,0.5,1,0.5,1,0.5,1,0.5,1,0.5,1
256,256,257,277,2013-12-01,2013,2006-2015,Americas,Winter flooding of 2013–14 on the Somerset Levels,0.5,1,0.5,1,0.5,1,0.5,1,0.5,1
257,257,258,278,2013-11-17,2013,2006-2015,Americas,2013 Sardinia floods,0.5,1,0.5,1,0.5,1,0.5,1,0.5,1
258,258,259,279,2013-11-01,2013,2006-2015,Americas,Humanitarian response to Typhoon Haiyan,0.5,1,0.5,1,0.5,1,0.5,1,0.5,1
259,259,260,280,2013-10-03,2013,2006-2015,Americas,October 2013 North American storm complex,0.5,1,0.5,1,0.5,1,0.5,1,0.5,1
260,260,261,281,2013-09-11,2013,2006-2015,Americas,2013 Colorado floods,0.5,1,0.5,1,0.5,1,0.5,1,0.5,1
261,261,262,282,2013-08-10,2013,2006-2015,Europe,2013 China–Russia floods,0.5,1,0.5,1,0.5,1,0.5,1,0.5,1
262,262,263,283,2013-08-01,2013,2006-2015,Middle East,2013 Afghanistan–Pakistan floods,0.5,1,0.5,1,0.5,1,0.5,1,0.5,1
263,263,264,284,2013-08-01,2013,2006-2015,Americas,2013 Southeast Asian floods,0.5,1,0.5,1,0.5,1,0.5,1,0.5,1
264,264,265,285,2013-07-01,2013,2006-2015,Americas,2013 China flood,0.5,1,0.5,1,0.5,1,0.5,1,0.5,1
265,265,266,286,2013-06-20,2013,2006-2015,Americas,2013 Flooding in Niederweiler,0.5,1,0.5,1,0.5,1,0.5,1,0.5,1
266,266,267,287,2013-06-19,2013,2006-2015,Americas,2013 Alberta floods,0.5,1,0.5,1,0.5,1,0.5,1,0.5,1
267,267,268,288,2013-06-18,2013,2006-2015,Americas,2013 Pyrenees floods at Bastan,0.5,1,0.5,1,0.5,1,0.5,1,0.5,1
268,268,269,289,2013-06-01,2013,2006-2015,Americas,2013 North India floods,0.5,1,0.5,1,0.5,1,0.5,1,0.5,1
269,269,270,290,2013-06-01,2013,2006-2015,Americas,2013 Assam floods,0.5,1,0.5,1,0.5,1,0.5,1,0.5,1
270,270,271,291,2013-05-29,2013,2006-2015,Americas,2013 Vltava flood,0.5,1,0.5,1,0.5,1,0.5,1,0.5,1
271,271,272,292,2013-05-28,2013,2006-2015,Americas,2013 European floods,0.5,1,0.5,1,0.5,1,0.5,1,0.5,1
272,272,273,293,2013-04-02,2013,2006-2015,Americas,La Plata flooding in 2013,0.5,1,0.5,1,0.5,1,0.5,1,0.5,1
273,273,274,294,2013-04-01,2013,2006-2015,Americas,2013 Argentina floods,0.5,1,0.5,1,0.5,1,0.5,1,0.5,1
274,274,275,295,2013-01-15,2013,2006-2015,Americas,"Basque Country floods, January 2013",0.5,1,0.5,1,0.5,1,0.5,1,0.5,1
275,275,276,296,2013-01-01,2013,2006-2015,Americas,1957 Valencia flood,0.5,1,0.5,1,0.5,1,0.5,1,0.5,1
276,276,277,297,2013-01-01,2013,2006-2015,Americas,2013 Sudan floods,0.5,1,0.5,1,0.5,1,0.5,1,0.5,1
277,277,278,298,2012-11-12,2012,2006-2015,Europe,Q3612680,0.5,1,0.5,1,0.5,1,0.5,1,0.5,1
278,278,279,299,2012-10-01,2012,2006-2015,Europe,2012 floods in Finland,0.5,1,0.5,1,0.5,1,0.5,1,0.5,1
279,279,280,300,2012-09-01,2012,2006-2015,Middle East,2012 Pakistan floods,0.5,1,0.5,1,0.5,1,0.5,1,0.5,1
280,280,281,301,2012-08-10,2012,2006-2015,Americas,Flooding in Yagoua in 2012,0.5,1,0.5,1,0.5,1,0.5,1,0.5,1
281,281,282,302,2012-08-10,2012,2006-2015,Americas,Flooding in Maga in 2012,0.5,1,0.5,1,0.5,1,0.5,1,0.5,1
282,282,283,303,2012-07-21,2012,2006-2015,Americas,July 2012 Beijing flood,0.5,1,0.5,1,0.5,1,0.5,1,0.5,1
283,283,284,304,2012-07-19,2012,2006-2015,Americas,2012 North Korean floods,0.5,1,0.5,1,0.5,1,0.5,1,0.5,1
284,284,285,305,2012-07-06,2012,2006-2015,Americas,2012 Krasnodar Krai floods,0.5,1,0.5,1,0.5,1,0.5,1,0.5,1
285,285,286,306,2012-05-01,2012,2006-2015,Middle East,2012 Romanian floods,0.5,1,0.5,1,0.5,1,0.5,1,0.5,1
286,286,287,307,2012-03-01,2012,2006-2015,Americas,March 2012 floods in Wagga Wagga,0.5,1,0.5,1,0.5,1,0.5,1,0.5,1
287,287,288,308,2012-02-06,2012,2006-2015,Americas,Q20497143,0.5,1,0.5,1,0.5,1,0.5,1,0.5,1
288,288,289,309,2012-01-01,2012,2006-2015,Americas,2012 Philippines flooding,0.5,1,0.5,1,0.5,1,0.5,1,0.5,1
289,289,290,310,2012-01-01,2012,2006-2015,Americas,2012 Great Britain and Ireland floods,0.5,1,0.5,1,0.5,1,0.5,1,0.5,1
290,290,291,311,2011-11-27,2011,2006-2015,Africa,2011 South Africa floods,0.5,1,0.5,1,0.5,1,0.5,1,0.5,1
291,291,292,312,2011-11-22,2011,2006-2015,Americas,Cyclone Berit,0.5,1,0.5,1,0.5,1,0.5,1,0.5,1
292,292,293,313,2011-11-04,2011,2006-2015,Americas,"Basque Country floods, November 2011",0.5,1,0.5,1,0.5,1,0.5,1,0.5,1
293,293,294,314,2011-10-25,2011,2006-2015,Americas,Q3612684,0.5,1,0.5,1,0.5,1,0.5,1,0.5,1
294,294,295,315,2011-10-07,2011,2006-2015,Americas,Floods in Costa Rica,0.5,1,0.5,1,0.5,1,0.5,1,0.5,1
295,295,296,316,2011-10-01,2011,2006-2015,Europe,2011 European floods,0.5,1,0.5,1,0.5,1,0.5,1,0.5,1
296,296,297,317,2011-10-01,2011,2006-2015,Americas,2011 Southeast Asian floods,0.5,1,0.5,1,0.5,1,0.5,1,0.5,1
297,297,298,318,2011-08-11,2011,2006-2015,Americas,2011 Sindh floods,0.5,1,0.5,1,0.5,1,0.5,1,0.5,1
298,298,299,319,2011-08-01,2011,2006-2015,Americas,2011 Kohistan floods,0.5,1,0.5,1,0.5,1,0.5,1,0.5,1
299,299,300,320,2011-07-31,2011,2006-2015,Americas,2011 Thailand floods,0.5,1,0.5,1,0.5,1,0.5,1,0.5,1
300,300,301,321,2011-07-25,2011,2006-2015,Americas,2011 Seoul floods,0.5,1,0.5,1,0.5,1,0.5,1,0.5,1
301,301,302,322,2011-06-20,2011,2006-2015,Americas,2011 Mississippi River floods,0.5,1,0.5,1,0.5,1,0.5,1,0.5,1
302,302,303,323,2011-06-01,2011,2006-2015,Americas,2011 China floods,0.5,1,0.5,1,0.5,1,0.5,1,0.5,1
303,303,304,324,2011-05-21,2011,2006-2015,Americas,2011 Musselshell River flood,0.5,1,0.5,1,0.5,1,0.5,1,0.5,1
304,304,305,325,2011-04-01,2011,2006-2015,Americas,2011 Assiniboine River flood,0.5,1,0.5,1,0.5,1,0.5,1,0.5,1
305,305,306,326,2011-04-01,2011,2006-2015,Americas,2011 Colombia floods,0.5,1,0.85,1,0.5,1,0.5,1,0.5,1
306,306,307,327,2011-04-01,2011,2006-2015,Americas,2011 Red River flood,0.5,1,0.5,1,0.5,1,0.5,1,0.5,1
307,307,308,328,2011-04-01,2011,2006-2015,Americas,2011 Lake Champlain and Richelieu River floods,0.5,1,0.5,1,0.5,1,0.5,1,0.5,1
308,308,309,329,2011-03-01,2011,2006-2015,Americas,2011 Wollongong floods,0.5,1,0.5,1,0.5,1,0.5,1,0.5,1
309,309,310,330,2011-03-01,2011,2006-2015,Americas,The 2011 flood in the Marche and Romagna,0.5,1,0.5,1,0.5,1,0.5,1,0.5,1
310,310,311,331,2011-01-26,2011,2006-2015,Americas,2010–2011 Queensland floods,0.5,1,0.5,1,0.5,1,0.5,1,0.5,1
311,311,312,332,2011-01-24,2011,2006-2015,Africa,2010–2011 Southern Africa floods,0.5,1,0.5,1,0.5,1,0.5,1,0.5,1
312,312,313,333,2011-01-17,2011,2006-2015,Americas,January 2011 Rio de Janeiro floods and mudslides,0.5,1,0.5,1,0.5,1,0.5,1,0.5,1
313,313,314,334,2011-01-12,2011,2006-2015,Americas,Early 2011 Victorian floods,0.5,1,0.5,1,0.5,1,0.5,1,0.5,1
314,314,315,335,2011-01-01,2011,2006-2015,Americas,2011 Missouri River Flood,0.5,1,0.5,1,0.5,1,0.5,1,0.5,1
315,315,316,336,2011-01-01,2011,2006-2015,Americas,2011 Souris River flood,0.5,1,0.5,1,0.5,1,0.5,1,0.5,1
316,316,317,337,2011-01-01,2011,2006-2015,Americas,Floods in Thailand in early 2011,0.5,1,0.5,1,0.5,1,0.5,1,0.5,1
317,317,318,338,2011-01-01,2011,2006-2015,Americas,2011 Southern Africa floods,0.5,1,0.5,1,0.5,1,0.5,1,0.5,1
318,318,319,339,2010-12-01,2010,2006-2015,Europe,Flooding in the Balkans,0.5,1,0.5,1,0.5,1,0.5,1,0.5,1
319,319,320,340,2010-11-01,2010,2006-2015,Americas,Cyclone Carmen,0.5,1,0.5,1,0.5,1,0.5,1,0.5,1
320,320,321,341,2010-10-31,2010,2006-2015,Americas,Q3612678,0.5,1,0.5,1,0.5,1,0.5,1,0.5,1
321,321,322,342,2010-10-06,2010,2006-2015,Americas,2010 West Papua floods,0.5,1,0.5,1,0.5,1,0.5,1,0.5,1
322,322,323,343,2010-10-04,2010,2006-2015,Americas,Ajka alumina plant accident,0.5,1,0.5,1,0.5,1,0.5,1,0.5,1
323,323,324,344,2010-10-04,2010,2006-2015,Americas,Genoa 2010 flood,0.5,1,0.5,1,0.5,1,0.5,1,0.5,1
324,324,325,345,2010-10-01,2010,2006-2015,Americas,2010 floods in Thailand and north Malaysia,0.5,1,0.5,1,0.5,1,0.5,1,0.5,1
325,325,326,346,2010-09-23,2010,2006-2015,Americas,September 2010 Minnesota-Wisconsin flood,0.5,1,0.5,1,0.5,1,0.5,1,0.5,1
326,326,327,347,2010-09-19,2010,2006-2015,Americas,2010 Slovenia floods,0.5,1,0.5,1,0.5,1,0.5,1,0.5,1
327,327,328,348,2010-09-01,2010,2006-2015,Americas,2010 Victorian floods,0.5,1,0.5,1,0.5,1,0.5,1,0.5,1
328,328,329,349,2010-08-24,2010,2006-2015,Americas,2010 West African floods,0.5,1,0.5,1,0.5,1,0.5,1,0.5,1
329,329,330,350,2010-08-07,2010,2006-2015,Americas,2010 floods in Bogatynia,0.5,1,0.5,1,0.5,1,0.5,1,0.5,1
330,330,331,351,2010-08-06,2010,2006-2015,Americas,2010 Ladakh floods,0.5,1,0.5,1,0.5,1,0.5,1,0.5,1
331,331,332,352,2010-08-06,2010,2006-2015,Americas,Q12046591,0.5,1,0.5,1,0.5,1,0.5,1,0.5,1
332,332,333,353,2010-08-01,2010,2006-2015,Americas,2010 Schwarze Elster flood,0.5,1,0.5,1,0.5,1,0.5,1,0.5,1
333,333,334,354,2010-07-05,2010,2006-2015,Middle East,2010 Romanian floods,0.5,1,0.5,1,0.5,1,0.5,1,0.5,1
334,334,335,355,2010-07-01,2010,2006-2015,Europe,2010 Milwaukee flood,0.5,1,0.5,1,0.5,1,0.5,1,0.5,1
335,335,336,356,2010-07-01,2010,2006-2015,Americas,2010 Pakistan flood,0.5,1,0.5,1,0.5,1,0.5,1,0.5,1
336,336,337,357,2010-06-22,2010,2006-2015,Americas,2010 northeastern Brazil floods,0.5,1,0.5,1,0.5,1,0.5,1,0.5,1
337,337,338,358,2010-06-15,2010,2006-2015,Americas,floods in the years 2010 in the Var,0.5,1,0.5,1,0.5,1,0.5,1,0.5,1
338,338,339,359,2010-06-11,2010,2006-2015,Americas,2010 Arkansas floods,0.5,1,0.5,1,0.5,1,0.5,1,0.5,1
339,339,340,360,2010-05-15,2010,2006-2015,Americas,2010 Oder flood,0.5,1,0.5,1,0.5,1,0.5,1,0.5,1
340,340,341,361,2010-05-14,2010,2006-2015,Europe,2010 Central European floods,0.5,1,0.5,1,0.5,1,0.5,1,0.5,1
341,341,342,362,2010-05-10,2010,2006-2015,Americas,2010 China floods,0.5,1,0.5,1,0.5,1,0.5,1,0.5,1
342,342,343,363,2010-05-07,2010,2006-2015,Americas,2010 Tennessee floods,0.5,1,0.5,1,0.5,1,0.5,1,0.5,1
343,343,344,364,2010-04-05,2010,2006-2015,Americas,April 2010 Rio de Janeiro floods and mudslides,0.5,1,0.5,1,0.5,1,0.5,1,0.5,1
344,344,345,365,2010-03-11,2010,2006-2015,Americas,Kyzyl-Agash Dam failure,0.5,1,0.5,1,0.5,1,0.5,1,0.5,1
345,345,346,366,2010-03-01,2010,2006-2015,Americas,March 2010 Queensland floods,0.5,1,0.5,1,0.5,1,0.5,1,0.5,1
346,346,347,367,2010-02-26,2010,2006-2015,Europe,Cyclone Xynthia,0.5,1,0.5,1,0.5,1,0.5,1,0.5,1
347,347,348,368,2010-02-20,2010,2006-2015,Americas,2010 Madeira floods and mudslides,0.5,1,0.5,1,0.5,1,0.5,1,0.5,1
348,348,349,369,2010-02-01,2010,2006-2015,Americas,2010 Tenerife flood,0.5,1,0.5,1,0.5,1,0.5,1,0.5,1
349,349,350,370,2010-01-01,2010,2006-2015,Americas,2010 Gascoyne River flood,0.5,1,0.5,1,0.5,1,0.5,1,0.5,1
350,350,351,371,2009-12-01,2009,2006-2015,Europe,2010 Albania floods,0.5,1,0.5,1,0.5,1,0.5,1,0.5,1
351,351,352,372,2009-11-25,2009,2006-2015,Americas,2009 Jeddah floods,0.5,1,0.5,1,0.5,1,0.5,1,0.5,1
352,352,353,373,2009-11-20,2009,2006-2015,Americas,2009 Workington floods,0.5,1,0.5,1,0.5,1,0.5,1,0.5,1
353,353,354,374,2009-09-17,2009,2006-2015,Americas,2009 Luoding flood,0.5,1,0.5,1,0.5,1,0.5,1,0.5,1
354,354,355,375,2009-08-06,2009,2006-2015,Americas,August 8 Flood,0.5,1,0.5,1,0.5,1,0.5,1,0.5,1
355,355,356,376,2009-07-27,2009,2006-2015,Americas,2009 India floods,0.5,1,0.5,1,0.5,1,0.5,1,0.5,1
356,356,357,377,2009-07-19,2009,2006-2015,Americas,2009 Karachi floods,0.5,1,0.5,1,0.5,1,0.5,1,0.5,1
357,357,358,378,2009-06-23,2009,2006-2015,Americas,Flood in the Czech Republic (2009),0.5,1,0.5,1,0.5,1,0.5,1,0.5,1
358,358,359,379,2009-06-01,2009,2006-2015,Africa,2009 West Africa floods,0.5,1,0.5,1,0.5,1,0.5,1,0.5,1
359,359,360,380,2009-05-16,2009,2006-2015,Americas,2009 Alaska floods,0.5,1,0.5,1,0.5,1,0.5,1,0.5,1
360,360,361,381,2009-05-08,2009,2006-2015,Americas,2009 Brazilian floods and mudslides,0.5,1,0.5,1,0.5,1,0.5,1,0.5,1
361,361,362,382,2009-03-01,2009,2006-2015,Africa,"2009 Angola, Namibia and Zambia floods",0.5,1,0.5,1,0.5,1,0.5,1,0.5,1
362,362,363,383,2009-01-01,2009,2006-2015,Americas,2009 North Dakota floods,0.5,1,0.5,1,0.5,1,0.5,1,0.5,1
363,363,364,384,2009-01-01,2009,2006-2015,Americas,2009 Southeastern United States floods,0.5,1,0.5,1,0.5,1,0.5,1,0.5,1
364,364,365,385,2009-01-01,2009,2006-2015,Americas,2009 Great Britain and Ireland floods,0.5,1,0.5,1,0.5,1,0.5,1,0.5,1
365,365,366,386,2009-01-01,2009,2006-2015,Europe,2009 European floods,0.5,1,0.5,1,0.5,1,0.5,1,0.5,1
366,366,367,387,2009-01-01,2009,2006-2015,Americas,2009 Turkish flash floods,0.5,1,0.5,1,0.5,1,0.5,1,0.5,1
367,367,368,388,2008-12-22,2008,2006-2015,Americas,Kingston Fossil Plant coal fly ash slurry spill,0.5,1,0.5,1,0.5,1,0.5,1,0.5,1
368,368,369,389,2008-12-16,2008,2006-2015,Americas,2008 Papua New Guinea floods,0.5,1,0.5,1,0.5,1,0.5,1,0.5,1
369,369,370,390,2008-11-01,2008,2006-2015,Americas,2008 Santa Catarina floods,0.5,1,0.5,1,0.5,1,0.5,1,0.5,1
370,370,371,391,2008-10-01,2008,2006-2015,Americas,2008 Benin floods,0.5,1,0.5,1,0.5,1,0.5,1,0.5,1
371,371,372,392,2008-08-01,2008,2006-2015,Americas,2008 Tanana Valley flood,0.5,1,0.5,1,0.5,1,0.5,1,0.5,1
372,372,373,393,2008-06-01,2008,2006-2015,Americas,June 2008 Midwest floods,0.5,1,0.5,1,0.5,1,0.5,1,0.5,1
373,373,374,394,2008-05-26,2008,2006-2015,Americas,2008 South China floods,0.5,1,0.5,1,0.5,1,0.5,1,0.5,1
374,374,375,395,2008-05-01,2008,2006-2015,Americas,2008 Saint John River Flood,0.5,1,0.5,1,0.5,1,0.5,1,0.5,1
375,375,376,396,2008-03-18,2008,2006-2015,Americas,Early Spring 2008 Midwest floods,0.5,1,0.5,1,0.5,1,0.5,1,0.5,1
376,376,377,397,2008-01-24,2008,2006-2015,Africa,2008 South Africa floods,0.5,1,0.5,1,0.5,1,0.5,1,0.5,1
377,377,378,398,2008-01-01,2008,2006-2015,Americas,2008 Indian floods,0.5,1,0.5,1,0.5,1,0.5,1,0.5,1
378,378,379,399,2008-01-01,2008,2006-2015,Americas,Floods in the coastal region of Ecuador in 2008,0.5,1,0.5,1,0.5,1,0.5,1,0.5,1
379,379,380,400,2007-11-09,2007,2006-2015,Europe,North Sea flood of 2007,0.5,1,0.5,1,0.5,1,0.5,1,0.5,1
380,380,381,401,2007-11-01,2007,2006-2015,Americas,2007 Tabasco flood,0.5,1,0.5,1,0.5,1,0.5,1,0.5,1
381,381,382,402,2007-09-14,2007,2006-2015,Americas,2007 African floods,0.5,1,0.5,1,0.5,1,0.5,1,0.5,1
382,382,383,403,2007-08-01,2007,2006-2015,Americas,2007 Midwest flooding,0.5,1,0.5,1,0.5,1,0.5,1,0.5,1
383,383,384,404,2007-08-01,2007,2006-2015,Americas,2007 North Korean floods,0.5,1,0.5,1,0.5,1,0.5,1,0.5,1
384,384,385,405,2007-07-03,2007,2006-2015,Americas,2007 Sudan floods,0.5,1,0.5,1,0.5,1,0.5,1,0.5,1
385,385,386,406,2007-06-14,2007,2006-2015,Europe,2007 United Kingdom floods,0.5,1,0.5,1,0.5,1,0.5,1,0.5,1
386,386,387,407,2007-06-01,2007,2006-2015,Americas,June 2007 Texas flooding,0.5,1,0.5,1,0.5,1,0.5,1,0.5,1
387,387,388,408,2007-03-01,2007,2006-2015,Americas,March 2007 floods in Coastal Argentina,0.5,1,0.7,1,0.5,1,0.5,1,0.5,1
388,388,389,409,2007-02-22,2007,2006-2015,Americas,2007 Mozambican flood,0.5,1,0.5,1,0.5,1,0.5,1,0.5,1
389,389,390,410,2007-01-01,2007,2006-2015,Americas,2007 South Asian floods,0.5,1,0.5,1,0.5,1,0.5,1,0.5,1
390,390,391,411,2007-01-01,2007,2006-2015,Africa,2007 floods in Tunisia,0.5,1,0.5,1,0.5,1,0.5,1,0.5,1
391,391,392,412,2007-01-01,2007,2006-2015,Americas,2007 Santa Fe flood,0.5,1,0.5,1,0.5,1,0.5,1,0.5,1
392,392,393,413,2006-12-18,2006,2006-2015,Americas,2006–07 Southeast Asian floods,0.5,1,0.5,1,0.5,1,0.5,1,0.5,1
393,393,394,414,2006-12-12,2006,2006-2015,Americas,Flood in Göteborg in 2006,0.5,1,0.5,1,0.5,1,0.5,1,0.5,1
394,394,395,415,2006-11-01,2006,2006-2015,Europe,All Saints' Day flood (2006),0.5,1,0.5,1,0.5,1,0.5,1,0.5,1
395,395,396,416,2006-07-01,2006,2006-2015,Americas,2006 North Korean floods,0.5,1,0.5,1,0.5,1,0.5,1,0.5,1
396,396,397,417,2006-05-01,2006,2006-2015,Americas,2006 Suriname floods,0.5,1,0.5,1,0.5,1,0.5,1,0.5,1
397,397,398,418,2006-04-01,2006,2006-2015,Europe,2006 European floods,0.5,1,0.5,1,0.5,1,0.5,1,0.5,1
398,398,399,419,2006-03-25,2006,2006-2015,Americas,Flood in the Czech Republic,0.5,1,0.5,1,0.5,1,0.5,1,0.5,1
399,399,400,420,2006-03-01,2006,2006-2015,Americas,Elbe flood 2006,0.5,1,0.5,1,0.5,1,0.5,1,0.5,1
400,400,401,421,2006-01-01,2006,2006-2015,Americas,New England Flood of May 2006,0.5,1,0.5,1,0.5,1,0.5,1,0.5,1
401,401,402,422,2005-11-01,2005,1996-2005,Americas,2005 Chennai floods,0.5,1,0.5,1,0.5,1,0.5,1,0.5,1
402,402,403,423,2005-08-01,2005,1996-2005,Americas,2005 European floods,0.5,1,0.5,1,0.5,1,0.5,1,0.5,1
403,403,404,424,2005-07-12,2005,1996-2005,Europe,Q114054882,0.5,1,0.5,1,0.5,1,0.5,1,0.5,1
404,404,405,425,2005-06-10,2005,1996-2005,Americas,Shalan Town Flood of 2005,0.5,1,0.5,1,0.5,1,0.5,1,0.5,1
405,405,406,426,2005-01-01,2005,1996-2005,Americas,Northeast U.S. flooding of October 2005,0.5,1,0.5,1,0.5,1,0.5,1,0.5,1
406,406,407,427,2005-01-01,2005,1996-2005,Americas,2005 Gujarat Flood,0.5,1,0.5,1,0.5,1,0.5,1,0.5,1
407,407,408,428,2005-01-01,2005,1996-2005,Americas,2005 floods in Africa,0.5,1,0.5,1,0.5,1,0.5,1,0.5,1
408,408,409,429,2004-08-16,2004,1996-2005,Middle East,"Boscastle flood of 2004, England, UK",0.5,1,0.5,1,0.5,1,0.5,1,0.5,1
409,409,410,430,2004-07-18,2004,1996-2005,Americas,Q11482808,0.5,1,0.5,1,0.5,1,0.5,1,0.5,1
410,410,411,431,2004-07-13,2004,1996-2005,Americas,Q11482807,0.5,1,0.5,1,0.5,1,0.5,1,0.5,1
411,411,412,432,2004-05-18,2004,1996-2005,Americas,May 2004 Caribbean floods,0.5,1,0.5,1,0.5,1,0.5,1,0.5,1
412,412,413,433,2003-09-23,2003,1996-2005,Americas,The flood of Carrara,0.5,1,0.5,1,0.5,1,0.5,1,0.5,1
413,413,414,434,2003-08-30,2003,1996-2005,Americas,Jacobs Creek Flood,0.5,1,0.5,1,0.5,1,0.5,1,0.5,1
414,414,415,435,2003-04-27,2003,1996-2005,Americas,2003 Santa Fe flood,0.5,1,0.5,1,0.5,1,0.5,1,0.5,1
415,415,416,436,2002-08-12,2002,1996-2005,Americas,Flood in Pirna 2002,0.5,1,0.5,1,0.5,1,0.5,1,0.5,1
416,416,417,437,2002-08-06,2002,1996-2005,Americas,Flood in the Czech Republic (2002),0.5,1,0.5,1,0.5,1,0.5,1,0.5,1
417,417,418,438,2002-08-05,2002,1996-2005,Americas,2002 European floods,0.5,1,0.5,1,0.5,1,0.5,1,0.5,1
418,418,419,439,2002-07-01,2002,1996-2005,Americas,2002 Glasgow floods,0.5,1,0.5,1,0.5,1,0.5,1,0.5,1
419,419,420,440,2002-03-31,2002,1996-2005,Americas,Tenerife flood of 2002,0.5,1,0.5,1,0.5,1,0.5,1,0.5,1
420,420,421,441,2002-02-01,2002,1996-2005,Americas,2002 La Paz floods,0.5,1,0.5,1,0.5,1,0.5,1,0.5,1
421,421,422,442,2001-12-19,2001,1996-2005,Americas,2001 KwaZulu-Natal floods,0.5,1,0.5,1,0.5,1,0.5,1,0.5,1
422,422,423,443,2001-12-11,2001,1996-2005,Americas,2001 Mpumalanga floods,0.5,1,0.5,1,0.5,1,0.5,1,0.5,1
423,423,424,444,2001-07-09,2001,1996-2005,Americas,2001 flood in Gdańsk,0.5,1,0.5,1,0.5,1,0.5,1,0.5,1
424,424,425,445,2001-07-01,2001,1996-2005,Europe,Q16590707,0.5,1,0.5,1,0.5,1,0.5,1,0.5,1
425,425,426,446,2001-05-01,2001,1996-2005,Americas,2001 flood in Lensk,0.5,1,0.5,1,0.5,1,0.5,1,0.5,1
426,426,427,447,2001-01-01,2001,1996-2005,Americas,Q17625441,0.5,1,0.5,1,0.5,1,0.5,1,0.5,1
427,427,428,448,2000-10-23,2000,1996-2005,Americas,2000 Cartagena flood,0.5,1,0.5,1,0.5,1,0.5,1,0.5,1
428,428,429,449,2000-07-01,2000,1996-2005,Americas,Floods in Sweden in 2000,0.5,1,0.5,1,0.5,1,0.5,1,0.5,1
429,429,430,450,2000-02-01,2000,1996-2005,Africa,2000 Mozambique flood,0.5,1,0.5,1,0.5,1,0.5,1,0.5,1
430,430,431,451,2000-01-01,2000,1996-2005,Americas,2000 India-Bangladesh floods,0.5,1,0.5,1,0.5,1,0.5,1,0.5,1
431,431,432,452,1999-12-02,1999,1996-2005,Americas,Cyclone Anatol,0.5,1,0.5,1,0.5,1,0.5,1,0.5,1
432,432,433,453,1999-09-01,1999,1996-2005,Americas,October 1999 Mexico floods,0.5,1,0.5,1,0.5,1,0.5,1,0.5,1
433,433,434,454,1999-05-01,1999,1996-2005,Americas,1999 Pentecost flood,0.5,1,0.5,1,0.5,1,0.5,1,0.5,1
434,434,435,455,1999-01-01,1999,1996-2005,Americas,1999 Vietnamese floods,0.5,1,0.5,1,0.5,1,0.5,1,0.5,1
435,435,436,456,1998-11-01,1998,1996-2005,Americas,Повінь на Закарпатті 1998 року,0.5,1,0.5,1,0.5,1,0.5,1,0.5,1
436,436,437,457,1998-09-01,1998,1996-2005,Americas,Q14517906,0.5,1,0.5,1,0.5,1,0.5,1,0.5,1
437,437,438,458,1998-07-22,1998,1996-2005,Americas,Q12046588,0.5,1,0.5,1,0.5,1,0.5,1,0.5,1
438,438,439,459,1998-05-05,1998,1996-2005,Americas,1998 Sarno and Quindici landslides,0.5,1,0.5,1,0.5,1,0.5,1,0.5,1
439,439,440,460,1998-03-01,1998,1996-2005,Africa,1998 South Africa floods,0.5,1,0.5,1,0.5,1,0.5,1,0.5,1
440,440,441,461,1998-01-10,1998,1996-2005,Americas,1998 Townsville floods,0.5,1,0.5,1,0.5,1,0.5,1,0.5,1
441,441,442,462,1998-01-01,1998,1996-2005,Americas,October 1998 Central Texas floods,0.5,1,0.5,1,0.5,1,0.5,1,0.5,1
442,442,443,463,1997-11-05,1997,1996-2005,Americas,1997 Badajoz floods,0.5,1,0.5,1,0.5,1,0.5,1,0.5,1
443,443,444,464,1997-09-30,1997,1996-2005,Americas,1997 Alicante flood,0.5,1,0.5,1,0.5,1,0.5,1,0.5,1
444,444,445,465,1997-07-12,1997,1996-2005,Europe,1997 flood in Wrocław,0.5,1,0.5,1,0.5,1,0.5,1,0.5,1
445,445,446,466,1997-07-05,1997,1996-2005,Americas,1997 Central European flood,0.5,1,0.5,1,0.5,1,0.5,1,0.5,1
446,446,447,467,1997-07-01,1997,1996-2005,Americas,Q41862152,0.5,1,0.5,1,0.5,1,0.5,1,0.5,1
447,447,448,468,1997-06-26,1997,1996-2005,Africa,1997 South Africa floods,0.5,1,0.5,1,0.5,1,0.5,1,0.5,1
448,448,449,469,1997-06-01,1997,1996-2005,Americas,Q135008131,0.5,1,0.5,1,0.5,1,0.5,1,0.5,1
449,449,450,470,1997-01-01,1997,1996-2005,Americas,1997 Red River Flood in the United States,0.5,1,0.5,1,0.5,1,0.5,1,0.5,1
450,450,451,471,1997-01-01,1997,1996-2005,Americas,1997 Red River Flood,0.5,1,0.5,1,0.5,1,0.5,1,0.5,1
451,451,452,472,1996-12-26,1996,1996-2005,Americas,1997 California New Years Floods,0.5,1,0.5,1,0.5,1,0.5,1,0.5,1
452,452,453,473,1996-10-14,1996,1996-2005,Europe,Q3612689,0.5,1,0.5,1,0.5,1,0.5,1,0.5,1
453,453,454,474,1996-08-07,1996,1996-2005,Americas,1996 Biescas flood,0.5,1,0.5,1,0.5,1,0.5,1,0.5,1
454,454,455,475,1996-07-19,1996,1996-2005,Americas,Saguenay Flood,0.5,1,0.5,1,0.5,1,0.5,1,0.5,1
455,455,456,476,1996-06-19,1996,1996-2005,Americas,Q3612682,0.5,1,0.5,1,0.5,1,0.5,1,0.5,1
456,456,457,477,1996-02-09,1996,1996-2005,Americas,1996 Free State floods,0.5,1,0.5,1,0.5,1,0.5,1,0.5,1
457,457,458,478,1996-02-06,1996,1996-2005,Americas,1996 Limpopo floods,0.5,1,0.5,1,0.5,1,0.5,1,0.5,1
458,458,459,479,1996-01-01,1996,1996-2005,Americas,Willamette Valley Flood of 1996,0.5,1,0.5,1,0.5,1,0.5,1,0.5,1
459,459,460,480,1995-12-24,1995,1986-1995,Africa,1995 South Africa floods,0.5,1,0.5,1,0.5,1,0.5,1,0.5,1
460,460,461,481,1995-07-11,1995,1986-1995,Americas,July 11 Flood,0.5,1,0.5,1,0.5,1,0.5,1,0.5,1
461,461,462,482,1995-06-01,1995,1986-1995,Europe,The flood in Eastern Norway 1995 (Vesleofsen),0.5,1,0.5,1,0.5,1,0.5,1,0.5,1
462,462,463,483,1995-05-07,1995,1986-1995,Americas,May 1995 Louisiana flood,0.5,1,0.5,1,0.5,1,0.5,1,0.5,1
463,463,464,484,1995-03-13,1995,1986-1995,Americas,The flood of Acireale and Giarre,0.5,1,0.5,1,0.5,1,0.5,1,0.5,1
464,464,465,485,1995-01-31,1995,1986-1995,Americas,Evacuation of the River Land,0.5,1,0.5,1,0.5,1,0.5,1,0.5,1
465,465,466,486,1994-11-05,1994,1986-1995,Europe,Q3612677,0.5,1,0.5,1,0.5,1,0.5,1,0.5,1
466,466,467,487,1994-10-10,1994,1986-1995,Europe,10 October 1994 flood,0.5,1,0.5,1,0.5,1,0.5,1,0.5,1
467,467,468,488,1994-06-24,1994,1986-1995,Africa,1994 South Africa floods,0.5,1,0.5,1,0.5,1,0.5,1,0.5,1
468,468,469,489,1994-01-28,1994,1986-1995,Americas,Januarflut 1994,0.5,1,0.5,1,0.5,1,0.5,1,0.5,1
469,469,470,490,1993-12-01,1993,1986-1995,Americas,Q3960023,0.5,1,0.5,1,0.5,1,0.5,1,0.5,1
470,470,471,491,1993-10-06,1993,1986-1995,Africa,1993 South Africa floods,0.5,1,0.5,1,0.5,1,0.5,1,0.5,1
471,471,472,492,1993-09-08,1993,1986-1995,Americas,Q55702082,0.5,1,0.5,1,0.5,1,0.5,1,0.5,1
472,472,473,493,1993-04-01,1993,1986-1995,Americas,Great Flood of 1993,0.5,1,0.5,1,0.5,1,0.5,1,0.5,1
473,473,474,494,1992-09-22,1992,1986-1995,Americas,Savona province flood of 22 September 1992,0.5,1,0.5,1,0.5,1,0.5,1,0.5,1
474,474,475,495,1991-11-15,1991,1986-1995,Americas,Campi Bisenzio flood of 15 November 1991,0.5,1,0.5,1,0.5,1,0.5,1,0.5,1
475,475,476,496,1991-01-01,1991,1986-1995,Americas,Eastern China flood of 1991,0.5,1,0.5,1,0.5,1,0.5,1,0.5,1
476,476,477,497,1990-09-01,1990,1986-1995,Americas,1990 Hanjiang River flood,0.5,1,0.5,1,0.5,1,0.5,1,0.5,1
477,477,478,498,1988-10-03,1988,1986-1995,Europe,Q86661113,0.5,1,0.5,1,0.5,1,0.5,1,0.5,1
478,478,479,499,1987-09-25,1987,1986-1995,Africa,1987 South Africa floods,0.5,1,0.5,1,0.5,1,0.5,1,0.5,1
479,479,480,500,1987-07-14,1987,1986-1995,Americas,Montreal Flood of 1987,0.5,1,0.5,1,0.5,1,0.5,1,0.5,1
480,480,481,501,1987-07-01,1987,1986-1995,Americas,1987 Comfort flood,0.5,1,0.5,1,0.5,1,0.5,1,0.5,1
481,481,482,502,1987-03-01,1987,1986-1995,Americas,Maine Flood of 1987,0.5,1,0.5,1,0.5,1,0.5,1,0.5,1
482,482,483,503,1987-01-01,1987,1986-1995,Americas,The flood in the Sandvik watercourse,0.5,1,0.5,1,0.5,1,0.5,1,0.5,1
483,483,484,504,1986-08-05,1986,1986-1995,Americas,August 5 Flood,0.5,1,0.5,1,0.5,1,0.5,1,0.5,1
484,484,485,505,1986-05-24,1986,1986-1995,Americas,1986 Jamaica floods,0.5,1,0.5,1,0.5,1,0.5,1,0.5,1
485,485,486,506,1986-05-16,1986,1986-1995,Americas,1986 Winisk Flood,0.5,1,0.5,1,0.5,1,0.5,1,0.5,1
486,486,487,507,1985-11-01,1985,1976-1985,Americas,1985 Election day floods,0.5,1,0.5,1,0.5,1,0.5,1,0.5,1
487,487,488,508,1985-05-01,1985,1976-1985,Americas,Q94346158,0.5,1,0.5,1,0.5,1,0.5,1,0.5,1
488,488,489,509,1985-01-01,1985,1976-1985,Americas,1985 Puerto Rico floods,0.5,1,0.5,1,0.5,1,0.5,1,0.5,1
489,489,490,510,1984-06-21,1984,1976-1985,Americas,Fronleichnamsflut,0.5,1,0.5,1,0.5,1,0.5,1,0.5,1
490,490,491,511,1983-11-07,1983,1976-1985,Europe,Flood of November 1983,0.5,1,0.5,1,0.5,1,0.5,1,0.5,1
491,491,492,512,1983-08-25,1983,1976-1985,Americas,1983 Spanish floods,0.5,1,0.5,1,0.5,1,0.5,1,0.5,1
492,492,493,514,1983-01-01,1983,1976-1985,Americas,1983 Formosa floods,0.5,1,0.5,1,0.5,1,0.5,1,0.5,1
493,493,494,515,1982-11-07,1982,1976-1985,Americas,1982 Segre basin floods,0.5,1,0.5,1,0.5,1,0.5,1,0.5,1
494,494,495,516,1982-11-07,1982,1976-1985,Americas,1982 flood in Berguedà,0.5,1,0.5,1,0.5,1,0.5,1,0.5,1
495,495,496,517,1982-10-20,1982,1976-1985,Americas,Tous dam failure,0.5,1,0.5,1,0.5,1,0.5,1,0.5,1
496,496,497,518,1982-01-01,1982,1976-1985,Americas,1982–83 Paraguay floods,0.5,1,0.5,1,0.5,1,0.5,1,0.5,1
497,497,498,519,1981-11-25,1981,1976-1985,Americas,Flood of November 1981,0.5,1,0.5,1,0.5,1,0.5,1,0.5,1
498,498,499,520,1981-01-25,1981,1976-1985,Americas,Laingsburg flood,0.5,1,0.5,1,0.5,1,0.5,1,0.5,1
499,499,500,521,1981-01-01,1981,1976-1985,Americas,Weserdurchbruch 1981,0.5,1,0.5,1,0.5,1,0.5,1,0.5,1
500,500,501,522,1980-04-01,1980,1976-1985,Americas,1980 Necochea-Quequén floods,0.5,1,0.5,1,0.5,1,0.5,1,0.5,1
501,501,502,523,1979-04-01,1979,1976-1985,Americas,1979 Easter flood,0.5,1,0.5,1,0.5,1,0.5,1,0.5,1
502,502,503,524,1978-12-02,1978,1976-1985,Americas,1978 Singapore flood,0.5,1,0.5,1,0.5,1,0.5,1,0.5,1
503,503,504,525,1978-01-11,1978,1976-1985,Americas,1978 North Sea storm surge,0.5,1,0.5,1,0.5,1,0.5,1,0.5,1
504,504,505,526,1977-08-21,1977,1976-1985,Americas,1977 Prudnik flood,0.5,1,0.5,1,0.5,1,0.5,1,0.5,1
505,505,506,527,1976-09-12,1976,1976-1985,Americas,September 12 Flood,0.5,1,0.5,1,0.5,1,0.5,1,0.5,1
506,506,507,528,1976-01-20,1976,1976-1985,Americas,Q15855877,0.5,1,0.5,1,0.5,1,0.5,1,0.5,1
507,507,508,529,1976-01-01,1976,1976-1985,Europe,Gale of January 1976,0.5,1,0.5,1,0.5,1,0.5,1,0.5,1
508,508,509,530,1975-09-30,1975,1966-1975,Americas,Q65252374,0.5,1,0.5,1,0.5,1,0.5,1,0.5,1
509,509,510,531,1975-08-08,1975,1966-1975,Americas,1975 Banqiao Dam failure,0.5,1,0.5,1,0.5,1,0.5,1,0.5,1
510,510,511,532,1975-01-01,1975,1966-1975,Americas,Q111917712,0.5,1,0.5,1,0.5,1,0.5,1,0.5,1
511,511,512,533,1974-01-29,1974,1966-1975,Americas,1974 Brisbane flood,0.5,1,0.5,1,0.5,1,0.5,1,0.5,1
512,512,513,534,1973-11-13,1973,1966-1975,Americas,Q1415960,0.5,1,0.5,1,0.5,1,0.5,1,0.5,1
513,513,514,535,1973-10-17,1973,1966-1975,Americas,1973 Rambla Nogalte flood,0.5,1,0.5,1,0.5,1,0.5,1,0.5,1
514,514,515,536,1973-03-01,1973,1966-1975,Americas,Mississippi Flood of 1973,0.5,1,0.5,1,0.5,1,0.5,1,0.5,1
515,515,516,537,1972-06-09,1972,1966-1975,Americas,1972 Black Hills flood,0.5,1,0.5,1,0.5,1,0.5,1,0.5,1
516,516,517,538,1972-02-26,1972,1966-1975,Americas,Buffalo Creek Flood,0.5,1,0.5,1,0.5,1,0.5,1,0.5,1
517,517,518,539,1971-09-20,1971,1966-1975,Europe,20 September 1971 floods,0.5,1,0.5,1,0.5,1,0.5,1,0.5,1
518,518,519,540,1971-01-26,1971,1966-1975,Americas,1971 Canberra flood,0.5,1,0.5,1,0.5,1,0.5,1,0.5,1
519,519,520,541,1971-01-01,1971,1966-1975,Americas,1971 Kuala Lumpur floods,0.5,1,0.5,1,0.5,1,0.5,1,0.5,1
520,520,521,542,1970-10-07,1970,1966-1975,Americas,Q3612691,0.5,1,0.5,1,0.5,1,0.5,1,0.5,1
521,521,522,543,1970-08-14,1970,1966-1975,Americas,1970 Alvaldo Flood,0.5,1,0.5,1,0.5,1,0.5,1,0.5,1
522,522,523,544,1970-06-09,1970,1966-1975,Americas,Q12046580,0.5,1,0.5,1,0.5,1,0.5,1,0.5,1
523,523,524,545,1970-05-01,1970,1966-1975,Middle East,1970 floods in Romania,0.5,1,0.5,1,0.5,1,0.5,1,0.5,1
524,524,525,546,1970-05-01,1970,1966-1975,Americas,Q1487627,0.5,1,0.5,1,0.5,1,0.5,1,0.5,1
525,525,526,547,1968-09-01,1968,1966-1975,Americas,Great Flood of 1968,0.5,1,0.5,1,0.5,1,0.5,1,0.5,1
526,526,527,548,1968-07-10,1968,1966-1975,Americas,Chew Stoke flood of 1968,0.5,1,0.5,1,0.5,1,0.5,1,0.5,1
527,527,528,549,1967-11-25,1967,1966-1975,Europe,1967 Portugal floods,0.5,1,0.5,1,0.5,1,0.5,1,0.5,1
528,528,529,550,1967-08-26,1967,1966-1975,Americas,1967 Uetsu flood,0.5,1,0.5,1,0.5,1,0.5,1,0.5,1
529,529,530,551,1967-03-18,1967,1966-1975,Americas,1967 floods and landslides in Caraguatatuba,0.5,1,0.5,1,0.5,1,0.5,1,0.5,1
530,530,531,552,1966-11-04,1966,1966-1975,Europe,1966 Flood in Venice,0.5,1,0.5,1,0.5,1,0.5,1,0.5,1
531,531,532,553,1966-11-04,1966,1966-1975,Americas,1966 flood of the Arno,0.5,1,0.5,1,0.5,1,0.5,1,0.5,1
532,532,533,554,1966-11-04,1966,1966-1975,Americas,Grosseto flood of 4 November 1966,0.5,1,0.5,1,0.5,1,0.5,1,0.5,1
533,533,534,555,1966-07-17,1966,1966-1975,Americas,1966 Kaetsu flood,0.5,1,0.5,1,0.5,1,0.5,1,0.5,1
534,534,535,556,1966-06-12,1966,1966-1975,Americas,1966 Hong Kong floods,0.5,1,0.5,1,0.5,1,0.5,1,0.5,1
535,535,536,557,1966-05-01,1966,1966-1975,Americas,Q61465969,0.5,1,0.5,1,0.5,1,0.5,1,0.5,1
536,536,537,558,1966-05-01,1966,1966-1975,Americas,Q62739993,0.5,1,0.5,1,0.5,1,0.5,1,0.5,1
537,537,538,559,1965-07-01,1965,1956-1965,Americas,flood disaster,0.5,1,0.5,1,0.5,1,0.5,1,0.5,1
538,538,539,560,1965-01-01,1965,1956-1965,Americas,Q134548316,0.5,1,0.5,1,0.5,1,0.5,1,0.5,1
539,539,540,561,1962-11-16,1962,1956-1965,Americas,1962 Flood in Skopje,0.5,1,0.5,1,0.5,1,0.5,1,0.5,1
540,540,541,562,1962-09-25,1962,1956-1965,Americas,1962 Vallés floods,0.5,1,0.5,1,0.5,1,0.5,1,0.5,1
541,541,542,563,1962-02-16,1962,1956-1965,Americas,North Sea flood of 1962,0.5,1,0.5,1,0.5,1,0.5,1,0.5,1
542,542,543,564,1961-11-25,1961,1956-1965,Americas,1961 Tamarguillo flood,0.5,1,0.5,1,0.5,1,0.5,1,0.5,1
543,543,544,565,1959-08-07,1959,1956-1965,Americas,87 flood,0.5,1,0.5,1,0.5,1,0.5,1,0.5,1
544,544,545,566,1959-04-01,1959,1956-1965,Americas,1959 Uruguayan flood,0.5,1,0.5,1,0.5,1,0.5,1,0.5,1
545,545,546,567,1958-07-01,1958,1956-1965,Americas,1958 Yellow River flood,0.5,1,0.5,1,0.5,1,0.5,1,0.5,1
546,546,547,568,1957-07-25,1957,1956-1965,Americas,1957 Isahaya flood,0.5,1,0.5,1,0.5,1,0.5,1,0.5,1
547,547,548,569,1956-07-01,1956,1956-1965,Europe,Q1712301,0.5,1,0.5,1,0.5,1,0.5,1,0.5,1
548,548,549,570,1956-01-01,1956,1956-1965,Americas,1956 Murray River flood,0.5,1,0.5,1,0.5,1,0.5,1,0.5,1
549,549,550,571,1956-01-01,1956,1956-1965,Americas,Murray River floods in 1956,0.5,1,0.5,1,0.5,1,0.5,1,0.5,1
550,550,551,572,1955-02-28,1955,1946-1955,Americas,1955 Hunter Valley floods,0.5,1,0.5,1,0.5,1,0.5,1,0.5,1
551,551,552,573,1954-12-19,1954,1946-1955,Americas,Q15734363,0.5,1,0.5,1,0.5,1,0.5,1,0.5,1
552,552,553,574,1954-10-25,1954,1946-1955,Americas,Q3612697,0.5,1,0.5,1,0.5,1,0.5,1,0.5,1
553,553,554,575,1954-09-01,1954,1946-1955,Americas,1954 Yangtze River Floods,0.5,1,0.5,1,0.5,1,0.5,1,0.5,1
554,554,555,576,1954-08-17,1954,1946-1955,Middle East,Great Iran Flood,0.5,1,0.5,1,0.5,1,0.5,1,0.5,1
555,555,556,577,1954-07-07,1954,1946-1955,Europe,1954 Danube flood,0.5,1,0.5,1,0.5,1,0.5,1,0.5,1
556,556,557,578,1954-07-05,1954,1946-1955,Americas,1954 Vltava River floods,0.5,1,0.5,1,0.5,1,0.5,1,0.5,1
557,557,558,579,1953-10-13,1953,1946-1955,Europe,Q12252470,0.5,1,0.5,1,0.5,1,0.5,1,0.5,1
558,558,559,580,1953-08-15,1953,1946-1955,Americas,1953 South Yamashiro floods,0.5,1,0.5,1,0.5,1,0.5,1,0.5,1
559,559,560,581,1953-07-01,1953,1946-1955,Americas,1953 Wakayama flood,0.5,1,0.5,1,0.5,1,0.5,1,0.5,1
560,560,561,582,1953-06-25,1953,1946-1955,Americas,1953 North Kyushu Flood,0.5,1,0.5,1,0.5,1,0.5,1,0.5,1
561,561,562,583,1953-06-01,1953,1946-1955,Americas,Q133457163,0.5,1,0.5,1,0.5,1,0.5,1,0.5,1
562,562,563,584,1953-01-31,1953,1946-1955,Americas,North Sea flood of 1953,0.5,1,0.5,1,0.5,1,0.5,1,0.5,1
563,563,564,585,1951-11-14,1951,1946-1955,Americas,November 1951 Po River flood,0.5,1,0.5,1,0.5,1,0.5,1,0.5,1
564,564,565,586,1951-05-01,1951,1946-1955,Americas,Great Flood of 1951,0.5,1,0.5,1,0.5,1,0.5,1,0.5,1
565,565,566,587,1950-04-15,1950,1946-1955,Americas,1950 Red River Flood,0.5,1,0.5,1,0.5,1,0.5,1,0.5,1
566,566,567,588,1949-10-14,1949,1946-1955,Americas,1949 Eastern Guatemalan Floods,0.5,1,0.5,1,0.5,1,0.5,1,0.5,1
567,567,568,589,1949-01-01,1949,1946-1955,Americas,Q83404079,0.5,1,0.5,1,0.5,1,0.5,1,0.5,1
568,568,569,590,1947-06-01,1947,1946-1955,Americas,June 1947 Tasmanian floods,0.5,1,0.5,1,0.5,1,0.5,1,0.5,1
569,569,570,591,1947-03-22,1947,1946-1955,Americas,Hochwasserkatastrophe 1947 im Oderbruch,0.5,1,0.5,1,0.5,1,0.5,1,0.5,1
570,570,571,592,1947-03-01,1947,1946-1955,Americas,1947 Thames flood,0.5,1,0.5,1,0.5,1,0.5,1,0.5,1
571,571,572,593,1947-03-01,1947,1946-1955,Europe,Q136366659,0.5,1,0.5,1,0.5,1,0.5,1,0.5,1
572,572,573,594,1947-01-01,1947,1946-1955,Americas,The Saar flood,0.5,1,0.5,1,0.5,1,0.5,1,0.5,1
573,573,574,595,1946-01-01,1946,1946-1955,Europe,Q95630452,0.5,1,0.5,1,0.5,1,0.5,1,0.5,1
574,574,575,596,1943-01-01,1943,1936-1945,Americas,1943 Madras floods,0.5,1,0.5,1,0.5,1,0.5,1,0.5,1
575,575,576,597,1942-04-10,1942,1936-1945,Americas,The Flood on Dubravienka (1942),0.5,1,0.5,1,0.5,1,0.5,1,0.5,1
576,576,577,598,1941-05-01,1941,1936-1945,Americas,1941 Porto Alegre flood,0.5,1,0.5,1,0.5,1,0.5,1,0.5,1
577,577,578,599,1940-10-16,1940,1936-1945,Americas,Flood of 1940,0.5,1,0.5,1,0.5,1,0.5,1,0.5,1
578,578,579,600,1940-01-01,1940,1936-1945,Americas,Flood on the Vltava and Elbe rivers (1940),0.5,1,0.5,1,0.5,1,0.5,1,0.5,1
579,579,580,601,1938-07-01,1938,1936-1945,Americas,1938 Great Hanshin Flood,0.5,1,0.5,1,0.5,1,0.5,1,0.5,1
580,580,581,602,1938-06-01,1938,1936-1945,Americas,1938 Yellow River flood,0.5,1,0.5,1,0.5,1,0.5,1,0.5,1
581,581,582,603,1938-02-19,1938,1936-1945,Americas,Kopuawhara flash flood of 1938,0.5,1,0.5,1,0.5,1,0.5,1,0.5,1
582,582,583,604,1937-01-01,1937,1936-1945,Americas,Ohio River flood of 1937,0.5,1,0.5,1,0.5,1,0.5,1,0.5,1
583,583,584,606,1934-08-09,1934,1926-1935,Americas,1934 Tabriz flood,0.5,1,0.5,1,0.5,1,0.5,1,0.5,1
584,584,585,607,1934-07-01,1934,1926-1935,Americas,1934 flood in Poland,0.5,1,0.5,1,0.5,1,0.5,1,0.5,1
585,585,586,608,1931-04-01,1931,1926-1935,Americas,Q16347845,0.5,1,0.5,1,0.5,1,0.5,1,0.5,1
586,586,587,609,1931-02-01,1931,1926-1935,Americas,Q3612695,0.5,1,0.5,1,0.5,1,0.5,1,0.5,1
587,587,588,610,1931-01-01,1931,1926-1935,Americas,1931 China floods,0.5,1,0.5,1,0.5,1,0.5,1,0.5,1
588,588,589,611,1930-01-01,1930,1926-1935,Americas,flooding of the Tarn (1930),0.5,1,0.5,1,0.5,1,0.5,1,0.5,1
589,589,590,612,1929-04-04,1929,1926-1935,Americas,1929 Tasmanian floods,0.5,1,0.5,1,0.5,1,0.5,1,0.5,1
590,590,591,613,1928-06-20,1928,1926-1935,Americas,Q16352736,0.5,1,0.5,1,0.5,1,0.5,1,0.5,1
591,591,592,614,1928-01-07,1928,1926-1935,Americas,1928 Thames flood,0.5,1,0.5,1,0.5,1,0.5,1,0.5,1
592,592,593,615,1927-11-02,1927,1926-1935,Americas,Great Vermont Flood of 1927,0.5,1,0.5,1,0.5,1,0.5,1,0.5,1
593,593,594,616,1927-01-01,1927,1926-1935,Americas,Great Mississippi Flood of 1927,0.5,1,0.5,1,0.5,1,0.5,1,0.5,1
594,594,595,617,1927-01-01,1927,1926-1935,Americas,flood in the Osterzgebirge in 1927,0.5,1,0.5,1,0.5,1,0.5,1,0.5,1
595,595,596,618,1926-11-22,1926,1926-1935,Americas,"Campi Bisenzio flood of November 22, 1926",0.5,1,0.5,1,0.5,1,0.5,1,0.5,1
596,596,597,619,1926-01-03,1926,1926-1935,Americas,1926 flood in Venlo,0.5,1,0.5,1,0.5,1,0.5,1,0.5,1
597,597,598,620,1926-01-01,1926,1926-1935,Americas,Flood of León de los Aldama of 1926,0.5,1,0.5,1,0.5,1,0.5,1,0.5,1
598,598,599,621,2025-11-01,2025,2016-2026,Americas,2025 Sumatra floods and landslides,0.5,1,0.5,1,0.5,1,0.5,1,0.5,1
599,599,600,622,2025-11-01,2025,2016-2026,Americas,2025 Southeast Asia floods and landslides,0.5,1,0.5,1,0.5,1,0.5,1,0.5,1
600,600,601,623,2025-04-02,2025,2016-2026,Americas,"Tornado outbreak and floods of April 2–7, 2025",0.5,1,0.5,1,0.5,1,0.5,1,0.5,1
601,601,602,624,2024-09-21,2024,2016-2026,Americas,2024 Noto flood,0.5,1,0.5,1,0.5,1,0.5,1,0.5,1
602,602,603,625,2024-03-06,2024,2016-2026,Middle East,2024 Afghanistan–Pakistan floods,0.5,1,0.5,1,0.5,1,0.5,1,0.5,1
603,603,604,626,2023-10-08,2023,2016-2026,Americas,October 2023 floods and mudslides in Cameroon,0.5,1,0.5,1,0.5,1,0.5,1,0.5,1
604,604,605,627,2021-08-01,2021,2016-2026,Americas,2021 Mérida floods,0.5,1,0.5,1,0.5,1,0.5,1,0.5,1
605,605,606,628,1997-08-31,1997,1996-2005,Americas,Flash flood at Fulufjället,0.5,1,0.5,1,0.5,1,0.5,1,0.5,1
606,606,607,629,2026-01-01,2026,2016-2026,Americas,Flood,0.5,1,0.5,1,0.5,1,0.5,1,0.5,1
607,607,608,630,2026-01-01,2026,2016-2026,Americas,Levee,0.5,1,0.5,1,0.5,1,0.5,1,0.5,1
608,608,609,631,2026-01-01,2026,2016-2026,Americas,"Mill River (Northampton, Massachusetts)",0.5,1,0.5,1,0.5,1,0.5,1,0.5,1
609,609,610,632,2026-01-01,2026,2016-2026,Americas,Harry F. Byrd,0.5,1,0.5,1,0.5,1,0.5,1,0.5,1
610,610,611,633,2026-01-01,2026,2016-2026,Americas,Flood barrier,0.5,1,0.5,1,0.5,1,0.5,1,0.5,1
611,611,612,634,2026-01-01,2026,2016-2026,Americas,Taken at the Flood,0.5,1,0.5,1,0.5,1,0.5,1,0.5,1
612,612,613,635,2026-01-01,2026,2016-2026,Americas,Cyclone Wanda,0.5,1,0.5,1,0.5,1,0.5,1,0.5,1
613,613,614,636,2026-01-01,2026,2016-2026,Americas,Geography of the United States,0.5,1,0.5,1,0.5,1,0.5,1,0.5,1
614,614,615,637,2026-01-01,2026,2016-2026,Americas,April 2016 North American storm complex,0.5,1,0.5,1,0.5,1,0.5,1,0.5,1
615,615,616,638,2026-01-01,2026,2016-2026,Americas,Floods in Jakarta,0.5,1,0.5,1,0.5,1,0.5,1,0.5,1
616,616,617,639,2026-01-01,2026,2016-2026,Americas,2007 Midwest flooding,0.5,1,0.5,1,0.5,1,0.5,1,0.5,1
617,617,618,640,2026-01-01,2026,2016-2026,Americas,Krasnodar Krai,0.5,1,0.5,1,0.5,1,0.5,1,0.5,1
618,618,619,641,2026-01-01,2026,2016-2026,Americas,2017 Payson flash floods,0.5,1,0.5,1,0.5,1,0.5,1,0.5,1
619,619,620,642,2026-01-01,2026,2016-2026,Americas,Yellow River,0.5,1,0.5,1,0.5,1,0.5,1,0.5,1
620,620,621,643,2026-01-01,2026,2016-2026,Americas,2013 Alberta floods,0.5,1,0.5,1,0.5,1,0.5,1,0.5,1
621,621,622,644,2026-01-01,2026,2016-2026,Americas,1966 flood of the Arno,0.5,1,0.5,1,0.5,1,0.5,1,0.5,1
622,622,623,645,2026-01-01,2026,2016-2026,Americas,North Saskatchewan River flood of 1915,0.5,1,0.5,1,0.5,1,0.5,1,0.5,1
